locus_tag,gene,G.to.A,G.to.T,G.to.C,A.to.G,A.to.T,A.to.C,T.to.G,T.to.A,T.to.C,C.to.G,C.to.A,C.to.T,genome
ECB_02328,yfeU,0,0,0,0,0,1,0,0,0,0,0,0,Ara-1_REL10938
ECB_02055,yehU,0,0,0,0,0,0,0,0,0,0,1,0,Ara-1_REL10938
ECB_04192,uxuB,0,0,0,0,0,0,1,0,0,0,0,0,Ara-1_REL10938
ECB_03347,prlC,0,1,0,0,0,1,0,0,0,0,0,0,Ara-1_REL10938
ECB_00809,cmr,0,0,0,0,0,1,0,0,0,0,0,0,Ara-1_REL10938
ECB_01628,ECB_01628,0,0,0,0,0,0,1,0,0,0,0,0,Ara-1_REL10938
ECB_03939,actP,0,0,0,0,0,0,1,0,0,0,0,0,Ara-1_REL10938
ECB_00126,yadG,0,0,0,0,0,1,0,0,0,0,0,0,Ara-1_REL10938
ECB_02357,ypfG,0,0,0,0,0,0,0,0,0,0,1,0,Ara-1_REL10938
ECB_01623,lhr,0,0,0,0,0,0,1,0,0,0,0,0,Ara-1_REL10938
ECB_04048,yjfI,0,0,0,0,0,1,0,0,0,0,0,0,Ara-1_REL10938
ECB_03401,bisC,0,0,0,0,0,1,0,0,0,0,0,0,Ara-1_REL10938
ECB_00933,ompF,0,0,0,0,0,0,1,0,0,0,0,0,Ara-1_REL10938
ECB_03334,yhhI,0,1,0,0,0,0,0,0,0,0,0,0,Ara-1_REL10938
ECB_02685,galR,0,0,0,0,0,0,1,0,0,0,0,0,Ara-1_REL10938
ECB_01327,recE,0,0,0,0,0,0,1,0,0,0,0,0,Ara-1_REL10938
ECB_01200,narX,0,0,0,0,0,1,0,0,0,0,0,0,Ara-1_REL10938
ECB_01430,yddL,0,0,0,0,0,1,0,0,0,0,0,0,Ara-1_REL10938
ECB_00457,gcl,0,0,0,0,0,0,1,0,0,0,0,0,Ara-1_REL10938
ECB_03504,yicF,0,0,0,0,0,1,0,0,0,0,0,0,Ara-1_REL10938
ECB_01844,torY,0,0,0,0,0,0,1,0,0,0,0,0,Ara-1_REL10938
ECB_03323,yhhT,0,0,0,0,0,1,0,0,0,0,0,0,Ara-1_REL10938
ECB_02435,yphA,0,0,0,0,0,1,0,0,0,0,0,0,Ara-1_REL10938
ECB_00117,acnB,0,0,0,0,0,1,0,0,0,0,0,0,Ara-1_REL10938
ECB_00367,yajO,0,1,0,0,0,0,0,0,0,0,0,0,Ara-1_REL10938
ECB_03521,ECB_03521,0,0,0,0,0,1,0,0,0,0,0,0,Ara-1_REL10938
ECB_01442,yddP,0,0,0,0,0,0,1,0,0,0,0,0,Ara-1_REL10938
ECB_00447,ybbP,0,0,0,0,0,0,1,0,0,0,0,0,Ara-1_REL10938
ECB_03549,ade,0,0,0,0,0,1,0,0,0,0,0,0,Ara-1_REL10938
ECB_00598,ybeF,0,0,0,0,0,1,0,0,0,0,0,0,Ara-1_REL10938
ECB_00594,ccrB,0,0,0,0,0,1,0,0,0,0,0,0,Ara-1_REL10938
ECB_02896,ygiW,0,0,0,0,0,0,0,0,0,0,0,1,Ara-1_REL10938
ECB_00112,pdhR,0,0,0,0,0,0,1,0,0,0,0,0,Ara-1_REL10938
ECB_03818,ftsN,0,0,0,0,0,0,1,0,0,0,0,0,Ara-1_REL10938
ECB_01262,yciR,0,0,0,0,0,0,1,0,0,0,0,0,Ara-1_REL10938
ECB_01456,ydeN,0,0,0,0,0,0,1,0,0,0,0,0,Ara-1_REL10938
ECB_03723,ECB_03723,0,0,0,0,0,1,0,0,0,0,0,0,Ara-1_REL10938
ECB_01168,mltE,0,0,0,0,0,1,0,0,0,0,0,0,Ara-1_REL10938
ECB_02249,yfcK,0,0,0,0,0,1,0,0,0,0,0,0,Ara-1_REL10938
ECB_01675,ydiU,0,0,0,0,0,1,0,0,0,0,0,0,Ara-1_REL10938
ECB_03785,frvA,0,0,0,0,0,1,0,0,0,0,0,0,Ara-1_REL10938
ECB_00985,yccY,0,0,0,0,0,0,1,0,0,0,0,0,Ara-1_REL10938
ECB_03479,waaL,0,0,0,0,0,1,0,0,0,0,0,0,Ara-1_REL10938
ECB_04013,groEL,0,0,0,0,0,1,0,0,0,0,0,0,Ara-1_REL10938
ECB_00686,sucB,1,0,0,0,0,0,0,0,0,0,0,0,Ara-1_REL10938
ECB_00847,tfaE,0,0,0,0,0,1,0,0,0,0,0,0,Ara-1_REL10938
ECB_00791,ybiY,0,0,0,0,0,0,1,0,0,0,0,0,Ara-1_REL10938
ECB_04155,fecC,0,0,0,0,0,1,0,0,0,0,0,0,Ara-1_REL10938
ECB_01275,ycjL,0,0,0,0,0,0,1,0,0,0,0,0,Ara-1_REL10938
ECB_04097,ytfR,0,0,0,0,0,0,1,0,0,0,0,0,Ara-1_REL10938
ECB_02803,yafZ,0,0,0,0,0,1,0,0,0,0,0,0,Ara-1_REL10938
ECB_00046,fixB,0,0,0,0,0,0,0,0,0,0,1,0,Ara-1_REL10938
ECB_00044,caiT,0,0,0,0,0,0,1,0,0,0,0,0,Ara-1_REL10938
ECB_02627,chpA,0,0,0,0,0,1,0,0,0,0,0,0,Ara-1_REL10938
ECB_02377,hyfE,0,0,0,0,0,1,0,0,0,0,0,0,Ara-1_REL10938
ECB_03566,glvBC,0,0,0,0,0,1,0,0,0,0,0,0,Ara-1_REL10938
ECB_02275,dsdX,0,1,0,0,0,0,0,0,0,0,0,0,Ara-1_REL10938
ECB_02087,yeiH,0,0,0,0,0,0,1,0,0,0,0,0,Ara-1_REL10938
ECB_01715,astD,0,1,0,0,0,0,0,0,0,0,0,0,Ara-1_REL10938
ECB_01971,dcd,0,0,0,0,0,0,1,0,0,0,0,0,Ara-1_REL10938
ECB_01368,hrpA,0,0,0,0,0,1,0,0,0,0,0,0,Ara-1_REL10938
ECB_00553,entF,0,0,0,0,0,1,0,0,0,0,0,0,Ara-1_REL10938
ECB_02878,yghA,0,0,0,0,0,0,1,0,0,0,0,0,Ara-1_REL10938
ECB_00767,ybiB,0,0,0,0,0,0,1,0,0,0,0,0,Ara-1_REL10938
ECB_02975,yhaK,0,0,0,0,0,0,1,0,0,0,0,0,Ara-1_REL10938
ECB_01386,tehA,0,0,0,0,0,0,1,0,0,0,0,0,Ara-1_REL10938
ECB_03280,glgP,0,0,0,0,0,0,0,0,0,0,1,0,Ara-1_REL10938
ECB_03283,glgX,0,0,0,0,0,0,1,0,0,0,0,0,Ara-1_REL10938
ECB_00944,ycbS,0,0,0,0,0,0,1,0,0,0,0,0,Ara-1_REL10938
ECB_03209,yhfK,0,0,0,0,0,0,1,0,0,0,0,0,Ara-1_REL10938
ECB_03044,rrmJ,0,0,0,0,0,0,1,0,0,0,0,0,Ara-1_REL10938
ECB_02478,yfiQ,0,0,0,0,0,0,1,0,0,0,0,0,Ara-1_REL10938
ECB_00303,mhpC,0,0,0,0,0,0,1,0,0,0,0,0,Ara-1_REL10938
ECB_00385,yajG,0,0,0,0,0,1,0,0,0,0,0,0,Ara-1_REL10938
ECB_01090,acpP,0,0,0,0,0,0,1,0,0,0,0,0,Ara-1_REL10938
ECB_00678,ybgQ,0,0,0,0,0,1,0,0,0,0,0,0,Ara-1_REL10938
ECB_01565,ynfM,0,0,0,0,0,1,0,0,0,0,0,0,Ara-1_REL10938
ECB_01872,yecR,0,0,0,0,0,0,0,0,0,0,1,0,Ara-1_REL10938
ECB_03756,bipA,0,0,0,0,0,0,1,0,0,0,0,0,Ara-1_REL10938
ECB_00084,ftsL,0,1,0,0,0,0,0,0,0,0,0,0,Ara-1_REL10938
ECB_04186,fimD,0,0,0,0,0,1,0,0,0,0,0,0,Ara-1_REL10938
ECB_01811,yebZ,0,0,0,0,0,0,1,0,0,0,0,0,Ara-1_REL10938
ECB_03696,yigF,0,0,0,0,0,1,0,0,0,0,0,0,Ara-1_REL10938
ECB_04108,treB,0,0,0,0,0,0,0,0,0,0,1,0,Ara-1_REL10938
ECB_02502,grpE,0,0,0,0,0,0,1,0,0,0,0,0,Ara-1_REL10938
ECB_01959,gmd,0,0,0,0,0,1,0,0,0,0,0,0,Ara-1_REL10938
ECB_00155,yadR,0,0,0,0,0,0,1,0,0,0,0,0,Ara-1_REL10938
ECB_01894,amn,0,0,0,0,0,1,0,0,0,0,0,0,Ara-1_REL10938
ECB_01223,cls,0,0,0,0,0,0,1,0,0,0,0,0,Ara-1_REL10938
ECB_02912,ygiE,0,0,0,0,0,1,0,0,0,0,0,0,Ara-1_REL10938
ECB_02679,mutH,0,0,0,0,0,0,0,0,0,0,1,0,Ara-1_REL10938
ECB_00090,ftsW,0,0,0,0,0,0,1,0,0,0,0,0,Ara+1_REL11008
ECB_04215,hsdM,1,0,0,0,0,0,0,0,0,0,0,0,Ara+1_REL11008
ECB_00115,lpdA,0,0,0,0,0,0,0,0,0,0,0,1,Ara+1_REL11008
ECB_03841,ppc,0,0,0,0,0,0,0,0,0,0,0,1,Ara+1_REL11008
ECB_03093,yhcB,1,0,0,0,0,0,0,0,0,0,0,0,Ara+1_REL11008
ECB_03203,yheS,0,0,0,0,0,0,1,0,0,0,0,0,Ara+1_REL11008
ECB_02918,yqiI,1,0,0,0,0,0,0,0,0,0,0,0,Ara+1_REL11008
ECB_00235,crl,0,0,0,0,0,0,0,0,1,0,0,0,Ara-2_REL11036
ECB_01822,edd,0,0,0,1,0,0,0,0,0,0,0,0,Ara-2_REL11036
ECB_00724,ybhJ,1,0,0,0,0,0,0,0,0,0,0,0,Ara-2_REL11036
ECB_02711,ygfK,0,0,0,0,0,0,0,0,0,0,0,1,Ara-2_REL11036
ECB_02597,ispD,0,0,0,0,0,0,0,0,0,0,0,1,Ara-2_REL11036
ECB_02619,yqcE,0,0,0,1,0,0,0,0,0,0,0,0,Ara-2_REL11036
ECB_01286,ycjM,0,0,0,0,0,0,0,0,1,0,0,0,Ara-2_REL11036
ECB_03108,mreD,0,0,0,1,0,0,0,0,0,0,0,0,Ara-2_REL11036
ECB_02325,cysP,0,0,0,0,0,0,0,0,0,0,0,1,Ara-2_REL11036
ECB_03474,tdh,0,0,0,0,0,0,0,0,0,0,0,1,Ara-2_REL11036
ECB_00431,ushA,0,0,0,0,0,0,0,0,0,0,0,1,Ara-2_REL11036
ECB_00928,mukB,1,0,0,0,0,0,0,0,0,0,0,0,Ara-2_REL11036
ECB_03027,yhbW,0,0,0,0,0,0,0,0,1,0,0,0,Ara-2_REL11036
ECB_01820,purT,0,0,0,1,0,0,0,0,0,0,0,0,Ara-2_REL11036
ECB_02192,menF,0,0,0,0,0,0,0,0,0,0,0,1,Ara-2_REL11036
ECB_03753,glnG,0,0,0,0,0,0,0,0,0,0,0,1,Ara-2_REL11036
ECB_02191,menD,0,0,0,0,0,0,0,0,0,0,0,1,Ara-2_REL11036
ECB_03568,yidE,0,0,0,0,0,0,0,0,0,0,0,1,Ara-2_REL11036
ECB_04059,yjfR,0,0,0,0,0,0,0,0,1,0,0,0,Ara-2_REL11036
ECB_03575,dgoD,0,0,0,0,0,0,0,0,0,0,0,1,Ara-2_REL11036
ECB_02516,ygaF,1,0,0,0,0,0,0,0,0,0,0,0,Ara-2_REL11036
ECB_02614,ygcQ,0,0,0,0,0,0,0,0,1,0,0,0,Ara-2_REL11036
ECB_01334,ECB_01334,0,0,0,1,0,0,0,0,0,0,0,0,Ara-2_REL11036
ECB_00007,yaaJ,1,0,0,0,0,0,0,0,0,0,0,0,Ara-2_REL11036
ECB_03585,dnaA,0,0,0,0,0,0,0,0,0,0,0,1,Ara-2_REL11036
ECB_00002,thrA,0,0,0,0,0,0,0,0,0,0,0,1,Ara-2_REL11036
ECB_03263,yhgA,0,0,0,1,0,0,0,0,0,0,0,0,Ara-2_REL11036
ECB_00125,yadF,1,0,0,0,0,0,0,0,0,0,0,0,Ara-2_REL11036
ECB_01235,trpB,1,0,0,0,0,0,0,0,0,0,0,0,Ara-2_REL11036
ECB_00323,ampH,1,0,0,0,0,0,0,0,0,0,0,0,Ara-2_REL11036
ECB_00321,yaiT,0,0,0,1,0,0,0,0,0,0,0,0,Ara-2_REL11036
ECB_02668,recB,0,0,0,1,0,0,0,0,0,0,0,0,Ara-2_REL11036
ECB_02240,folC,0,0,0,0,0,0,0,0,0,0,0,1,Ara-2_REL11036
ECB_03631,kup,0,0,0,1,0,0,0,0,0,0,0,1,Ara-2_REL11036
ECB_00421,dnaX,0,0,0,0,0,0,0,0,0,0,0,1,Ara-2_REL11036
ECB_00633,nagC,1,0,0,0,0,0,0,0,0,0,0,0,Ara-2_REL11036
ECB_02448,yfhK,0,0,0,0,0,0,0,0,0,0,0,1,Ara-2_REL11036
ECB_01833,yebB,0,0,0,0,0,0,0,0,1,0,0,0,Ara-2_REL11036
ECB_00833,ECB_00833,0,0,0,2,0,0,0,0,0,0,0,0,Ara-2_REL11036
ECB_03267,gntT,0,0,0,0,0,0,0,0,1,0,0,0,Ara-2_REL11036
ECB_00184,ldcC,0,0,0,1,0,0,0,0,0,0,0,0,Ara-2_REL11036
ECB_00836,ECB_00836,0,0,0,1,0,0,0,0,0,0,0,0,Ara-2_REL11036
ECB_00180,lpxB,0,0,0,0,0,0,0,0,0,0,0,1,Ara-2_REL11036
ECB_03034,rbfA,0,0,0,1,0,0,0,0,0,0,0,0,Ara-2_REL11036
ECB_02208,nuoG,0,0,0,0,0,0,0,0,0,0,0,1,Ara-2_REL11036
ECB_02481,kgtP,0,0,0,1,0,0,0,0,0,0,0,0,Ara-2_REL11036
ECB_02523,ygaV,0,0,0,1,0,0,0,0,0,0,0,0,Ara-2_REL11036
ECB_03913,plsB,0,0,0,0,0,0,0,0,1,0,0,0,Ara-2_REL11036
ECB_00031,lspA,0,0,0,0,0,0,0,0,0,0,0,1,Ara-2_REL11036
ECB_02942,ygjG,1,0,0,0,0,0,0,0,0,0,0,0,Ara-2_REL11036
ECB_02934,ygjD,1,0,0,0,0,0,0,0,0,0,0,0,Ara-2_REL11036
ECB_03887,aceA,0,0,0,1,0,0,0,0,0,0,0,0,Ara-2_REL11036
ECB_02283,yfdU,0,0,0,1,0,0,0,0,0,0,0,0,Ara-2_REL11036
ECB_02927,uppP,1,0,0,0,0,0,0,0,0,0,0,0,Ara-2_REL11036
ECB_00133,panB,0,0,0,0,0,0,0,0,0,0,0,1,Ara-2_REL11036
ECB_00646,ybfP,0,0,0,0,0,0,0,0,0,0,0,1,Ara-2_REL11036
ECB_03189,chiA,0,0,0,0,0,0,0,0,0,0,0,1,Ara-2_REL11036
ECB_03625,gidA,0,0,0,0,0,0,0,0,0,0,0,1,Ara-2_REL11036
ECB_03740,trkH,0,0,0,0,0,0,0,0,1,0,0,0,Ara-2_REL11036
ECB_03377,yhjK,0,0,0,0,0,0,0,0,1,0,0,0,Ara-2_REL11036
ECB_01432,fdnG,0,0,0,0,0,0,0,0,1,0,0,0,Ara-2_REL11036
ECB_03761,yihO,0,0,0,1,0,0,0,0,0,0,0,0,Ara-2_REL11036
ECB_02110,yejF,1,0,0,0,0,0,0,0,0,0,0,0,Ara-2_REL11036
ECB_03439,yiaT,0,0,0,0,0,0,0,0,1,0,0,0,Ara-2_REL11036
ECB_02062,bglX,0,0,0,0,0,0,0,0,0,0,0,1,Ara-2_REL11036
ECB_00193,proS,1,0,0,0,0,0,0,0,0,0,0,0,Ara-2_REL11036
ECB_01513,ybcW,0,0,0,0,0,0,0,0,0,0,0,1,Ara-2_REL11036
ECB_00627,ybeY,0,0,0,0,0,0,0,0,1,0,0,0,Ara-2_REL11036
ECB_00453,ybbB,0,0,0,0,0,0,0,0,0,0,0,1,Ara-2_REL11036
ECB_00353,queA,0,0,0,0,0,0,0,0,0,0,0,1,Ara-2_REL11036
ECB_01065,mviN,0,0,0,0,0,0,0,0,0,0,0,1,Ara-2_REL11036
ECB_03552,uhpB,1,0,0,0,0,0,0,0,0,0,0,0,Ara-2_REL11036
ECB_03555,ilvB,0,0,0,0,0,0,0,0,0,0,0,1,Ara-2_REL11036
ECB_01062,rimJ,0,0,0,0,0,0,0,0,0,0,0,1,Ara-2_REL11036
ECB_02639,yqcD,1,0,0,0,0,0,0,0,0,0,0,0,Ara-2_REL11036
ECB_04128,yjgQ,0,0,0,0,0,0,0,0,0,0,0,1,Ara-2_REL11036
ECB_02559,ygaA,0,0,0,0,0,0,0,0,1,0,0,0,Ara-2_REL11036
ECB_01843,torZ,0,0,0,1,0,0,0,0,0,0,0,0,Ara-2_REL11036
ECB_01842,yecP,0,0,0,0,0,0,0,0,1,0,0,0,Ara-2_REL11036
ECB_03018,yraQ,1,0,0,0,0,0,0,0,0,0,0,0,Ara-2_REL11036
ECB_02686,lysA,0,0,0,1,0,0,0,0,0,0,0,0,Ara-2_REL11036
ECB_01590,malX,0,0,0,1,0,0,0,0,0,0,0,0,Ara-2_REL11036
ECB_01652,sufB,1,0,0,0,0,0,0,0,0,0,0,0,Ara-2_REL11036
ECB_03463,lldD,1,0,0,0,0,0,0,0,0,0,0,0,Ara-2_REL11036
ECB_04279,lasT,0,0,0,1,0,0,0,0,0,0,0,0,Ara-2_REL11036
ECB_02949,ygjK,0,0,0,0,0,0,0,0,1,0,0,0,Ara-2_REL11036
ECB_02049,yehM,0,0,0,1,0,0,0,0,0,0,0,0,Ara-2_REL11036
ECB_01353,ydbH,0,0,0,0,0,0,0,0,1,0,0,0,Ara-2_REL11036
ECB_02797,ECB_02797,0,0,0,0,0,0,0,0,1,0,0,0,Ara-2_REL11036
ECB_03630,yieN,1,0,0,0,0,0,0,0,0,0,0,0,Ara-2_REL11036
ECB_01448,yddV,1,0,0,0,0,0,0,0,0,0,0,0,Ara-2_REL11036
ECB_03481,waaW,0,0,0,0,0,0,0,0,1,0,0,0,Ara-2_REL11036
ECB_03118,yhdG,0,0,0,0,0,0,0,0,1,0,0,0,Ara-2_REL11036
ECB_01112,ycfU,0,0,0,0,0,0,0,0,0,0,0,2,Ara-2_REL11036
ECB_01868,araG,0,0,0,1,0,0,0,0,0,0,0,0,Ara-2_REL11036
ECB_02945,ebgA,0,0,0,0,0,0,0,0,1,0,0,0,Ara-2_REL11036
ECB_00109,ampD,0,0,0,1,0,0,0,0,0,0,0,0,Ara-2_REL11036
ECB_04124,valS,0,0,0,0,0,0,0,0,1,0,0,0,Ara-2_REL11036
ECB_03017,yraP,0,0,0,0,0,0,0,0,1,0,0,0,Ara-2_REL11036
ECB_01074,flgG,1,0,0,0,0,0,0,0,0,0,0,0,Ara-2_REL11036
ECB_02147,atoC,0,0,0,0,0,0,0,0,0,0,0,1,Ara-2_REL11036
ECB_03014,yraM,0,0,0,0,0,0,0,0,1,0,0,0,Ara-2_REL11036
ECB_01172,treA,2,0,0,0,0,0,0,0,1,0,0,0,Ara-2_REL11036
ECB_01174,dhaL,0,0,0,0,0,0,0,0,1,0,0,0,Ara-2_REL11036
ECB_00448,rhsD,0,0,1,0,0,0,0,0,0,0,0,0,Ara-2_REL11036
ECB_00910,ycaP,0,0,0,1,0,0,0,0,0,0,0,0,Ara-2_REL11036
ECB_02547,alaS,0,0,0,0,0,0,0,0,0,1,0,0,Ara-2_REL11036
ECB_01851,flhB,0,0,0,1,0,0,0,0,0,0,0,0,Ara-2_REL11036
ECB_01177,ycgV,0,0,0,0,0,0,0,0,1,0,0,0,Ara-2_REL11036
ECB_02217,yfbS,0,0,0,1,0,0,0,0,0,0,0,0,Ara-2_REL11036
ECB_01588,hdhA,0,0,0,0,0,0,0,0,1,0,0,0,Ara-2_REL11036
ECB_03509,recG,0,0,0,0,0,0,0,0,1,0,0,0,Ara-2_REL11036
ECB_03882,purD,0,0,0,0,0,0,0,0,0,0,0,1,Ara-2_REL11036
ECB_03582,gyrB,0,0,0,1,0,0,0,0,0,0,0,0,Ara-2_REL11036
ECB_01185,hemA,0,0,0,0,0,0,0,0,0,0,0,1,Ara-2_REL11036
ECB_03366,yhjA,1,0,0,0,0,0,0,0,0,0,0,0,Ara-2_REL11036
ECB_04265,sms,0,0,0,0,0,0,0,0,1,0,0,0,Ara-2_REL11036
ECB_04262,lplA,0,0,0,0,0,0,0,0,1,0,0,0,Ara-2_REL11036
ECB_00295,cynX,0,0,0,0,0,0,0,0,0,0,0,1,Ara-2_REL11036
ECB_00294,cynS,1,0,0,0,0,0,0,0,0,0,0,0,Ara-2_REL11036
ECB_00073,leuD,0,0,0,0,0,0,0,0,1,0,0,0,Ara-2_REL11036
ECB_03589,yidC,0,0,0,1,0,0,0,0,0,0,0,0,Ara-2_REL11036
ECB_04037,mutL,0,0,0,1,0,0,0,0,0,0,0,0,Ara-2_REL11036
ECB_01262,yciR,0,0,0,1,0,0,0,0,0,0,0,0,Ara-2_REL11036
ECB_00051,kefC,1,0,0,0,0,0,0,0,0,0,0,0,Ara-2_REL11036
ECB_01615,ydhK,0,0,0,1,0,0,0,0,0,0,0,0,Ara-2_REL11036
ECB_00057,surA,0,0,0,1,0,0,0,0,0,0,0,0,Ara-2_REL11036
ECB_01459,ydeP,0,0,0,0,0,0,0,0,0,0,0,1,Ara-2_REL11036
ECB_02224,yfcD,0,0,0,0,0,0,0,0,0,0,0,1,Ara-2_REL11036
ECB_00744,bioC,0,0,0,1,0,0,0,0,0,0,0,0,Ara-2_REL11036
ECB_03089,sspA,0,0,0,0,0,0,0,0,0,0,0,1,Ara-2_REL11036
ECB_00746,uvrB,0,0,0,0,0,0,0,0,0,0,0,1,Ara-2_REL11036
ECB_03124,acrF,0,0,0,0,0,0,0,0,0,0,0,1,Ara-2_REL11036
ECB_03946,nrfE,0,0,0,0,0,0,0,0,0,0,0,1,Ara-2_REL11036
ECB_01585,uidB,0,0,0,1,0,0,0,0,0,0,0,0,Ara-2_REL11036
ECB_04073,ECB_04073,0,0,0,0,0,0,0,0,1,0,0,0,Ara-2_REL11036
ECB_02248,fabB,0,0,0,0,0,0,0,0,0,0,0,1,Ara-2_REL11036
ECB_02151,atoB,1,0,0,0,0,0,0,0,0,0,0,0,Ara-2_REL11036
ECB_03576,dgoA,1,0,0,0,0,0,0,0,0,0,0,0,Ara-2_REL11036
ECB_02157,gyrA,0,0,0,1,0,0,0,0,0,0,0,0,Ara-2_REL11036
ECB_01003,cbpA,0,0,0,0,0,0,0,0,0,0,0,1,Ara-2_REL11036
ECB_03558,yidF,1,0,0,0,0,0,0,0,0,0,0,0,Ara-2_REL11036
ECB_01162,fadR,0,0,0,0,0,0,0,0,0,0,0,1,Ara-2_REL11036
ECB_00379,cyoE,0,0,0,0,0,0,0,0,1,0,0,0,Ara-2_REL11036
ECB_02158,ubiG,1,0,0,0,0,0,0,0,0,0,0,0,Ara-2_REL11036
ECB_03574,dgoT,0,0,0,0,0,0,0,0,1,0,0,0,Ara-2_REL11036
ECB_01166,ycgO,0,0,0,0,0,0,0,0,1,0,0,0,Ara-2_REL11036
ECB_00949,pyrD,0,0,0,0,0,0,0,0,0,0,0,1,Ara-2_REL11036
ECB_03976,phnD,1,0,0,0,0,0,0,0,0,0,0,0,Ara-2_REL11036
ECB_01867,araH,0,0,0,1,0,0,0,0,0,0,0,0,Ara-2_REL11036
ECB_04013,groEL,0,0,0,0,0,0,0,0,0,0,0,1,Ara-2_REL11036
ECB_00966,helD,0,0,0,1,0,0,0,0,0,0,0,0,Ara-2_REL11036
ECB_04028,yjeM,0,0,0,1,0,0,0,0,0,0,0,0,Ara-2_REL11036
ECB_03432,lyxK,1,0,0,0,0,0,0,0,0,0,0,0,Ara-2_REL11036
ECB_00688,sucD,0,0,0,1,0,0,0,0,0,0,0,1,Ara-2_REL11036
ECB_01656,ydiJ,0,0,0,1,0,0,0,0,0,0,0,0,Ara-2_REL11036
ECB_03062,yrbH,0,0,0,0,0,0,0,0,1,0,0,0,Ara-2_REL11036
ECB_04257,deoC,0,0,0,0,0,0,0,0,1,0,0,0,Ara-2_REL11036
ECB_04255,yjjW,0,0,0,1,0,0,0,0,0,0,0,0,Ara-2_REL11036
ECB_00982,appB,1,0,0,0,0,0,0,0,0,0,0,0,Ara-2_REL11036
ECB_00285,prpR,1,0,0,0,0,0,0,0,0,0,0,0,Ara-2_REL11036
ECB_02809,yeeW,0,0,0,1,0,0,0,0,0,0,0,0,Ara-2_REL11036
ECB_04156,fecB,1,0,0,0,0,0,0,0,0,0,0,0,Ara-2_REL11036
ECB_03712,ECB_03712,0,0,0,0,0,0,0,0,1,0,0,0,Ara-2_REL11036
ECB_03971,phnI,0,0,0,1,0,0,0,0,0,0,0,0,Ara-2_REL11036
ECB_02393,ppk,0,0,0,0,0,0,0,0,1,0,0,0,Ara-2_REL11036
ECB_03430,yiaN,0,0,0,0,0,0,0,0,0,0,0,1,Ara-2_REL11036
ECB_02801,yeeR,0,0,0,0,0,0,0,0,1,0,0,0,Ara-2_REL11036
ECB_03094,degQ,1,0,0,0,0,0,0,0,0,0,0,0,Ara-2_REL11036
ECB_01462,ydeS,0,0,0,1,0,0,0,0,0,0,0,0,Ara-2_REL11036
ECB_03863,rpoB,0,0,0,0,0,0,0,0,0,0,0,1,Ara-2_REL11036
ECB_01778,yoaA,0,0,0,0,0,0,0,0,0,0,0,1,Ara-2_REL11036
ECB_02785,yggW,0,0,0,0,0,0,0,0,0,0,0,1,Ara-2_REL11036
ECB_01464,ECB_01464,0,0,0,0,0,0,0,0,1,0,0,0,Ara-2_REL11036
ECB_00756,ybhO,1,0,0,0,0,0,0,0,0,0,0,0,Ara-2_REL11036
ECB_00486,intD,1,0,0,0,0,0,0,0,0,0,0,0,Ara-2_REL11036
ECB_02623,ygcG,0,0,0,1,0,0,0,0,0,0,0,0,Ara-2_REL11036
ECB_00200,dkgB,0,0,0,0,0,0,0,0,0,0,0,1,Ara-2_REL11036
ECB_01776,yeaY,0,0,0,1,0,0,0,0,0,0,0,0,Ara-2_REL11036
ECB_01400,ydcV,0,0,0,0,0,0,0,0,0,0,0,1,Ara-2_REL11036
ECB_04002,cadA,0,0,0,0,0,0,0,0,1,0,0,0,Ara-2_REL11036
ECB_01158,umuD,0,0,0,0,0,0,0,0,0,0,0,1,Ara-2_REL11036
ECB_00262,ykgE,0,0,0,1,0,0,0,0,0,0,0,0,Ara-2_REL11036
ECB_02085,lysP,0,0,0,0,0,0,0,0,1,0,0,0,Ara-2_REL11036
ECB_02086,yeiE,0,0,0,1,0,0,0,0,0,0,0,0,Ara-2_REL11036
ECB_02560,norV,1,0,0,0,0,0,0,0,0,0,0,0,Ara-2_REL11036
ECB_01715,astD,0,0,0,0,0,0,0,0,1,0,0,0,Ara-2_REL11036
ECB_02081,yeiB,0,0,0,0,0,0,0,0,0,0,0,1,Ara-2_REL11036
ECB_02378,hyfF,1,0,0,0,0,0,0,0,0,0,0,0,Ara-2_REL11036
ECB_01150,minD,0,0,0,0,0,0,0,0,1,0,0,0,Ara-2_REL11036
ECB_02400,guaB,0,0,0,0,0,0,0,0,0,0,0,1,Ara-2_REL11036
ECB_02863,pitB,1,0,0,1,0,0,0,0,0,0,0,0,Ara-2_REL11036
ECB_02402,yfgJ,0,0,0,1,0,0,0,0,0,0,0,0,Ara-2_REL11036
ECB_02403,yfgK,0,0,0,1,0,0,0,0,0,0,0,0,Ara-2_REL11036
ECB_02406,hisS,1,0,0,1,0,0,0,0,0,0,0,0,Ara-2_REL11036
ECB_02763,cmtA,0,0,0,1,0,0,0,0,0,0,0,0,Ara-2_REL11036
ECB_00175,yaeT,0,0,0,0,0,0,0,0,1,0,0,0,Ara-2_REL11036
ECB_02356,tktB,1,0,0,0,0,0,0,0,0,0,0,0,Ara-2_REL11036
ECB_01368,hrpA,0,0,0,0,0,0,0,0,0,0,0,1,Ara-2_REL11036
ECB_02475,yfiF,0,0,0,0,0,0,0,0,0,0,0,1,Ara-2_REL11036
ECB_01363,ynbA,0,0,0,0,0,0,0,0,1,0,0,0,Ara-2_REL11036
ECB_04120,argI,0,0,0,0,0,0,0,0,1,0,0,0,Ara-2_REL11036
ECB_00179,lpxA,0,0,0,0,0,0,0,0,0,0,0,1,Ara-2_REL11036
ECB_03681,cyaA,0,0,0,0,0,0,0,0,0,0,0,1,Ara-2_REL11036
ECB_01086,plsX,0,0,0,0,1,0,0,0,0,0,0,0,Ara-2_REL11036
ECB_03960,alsB,0,0,0,0,0,0,0,0,0,0,0,1,Ara-2_REL11036
ECB_01080,rne,1,0,0,1,0,0,0,0,0,0,0,0,Ara-2_REL11036
ECB_02669,ptr,1,0,0,0,0,0,0,0,0,0,0,0,Ara-2_REL11036
ECB_00608,nadD,1,0,0,0,0,0,0,0,0,0,0,0,Ara-2_REL11036
ECB_02735,gcvP,0,0,0,1,0,0,0,0,0,0,0,0,Ara-2_REL11036
ECB_00767,ybiB,0,0,0,0,0,0,0,0,0,0,0,1,Ara-2_REL11036
ECB_02016,gatR,0,0,0,0,0,0,0,0,1,0,0,0,Ara-2_REL11036
ECB_02793,mltC,0,0,0,0,0,0,0,0,1,0,0,0,Ara-2_REL11036
ECB_03640,yieO,0,0,0,0,0,0,0,0,1,0,0,0,Ara-2_REL11036
ECB_02870,hybC,0,0,0,0,0,0,0,0,0,0,0,1,Ara-2_REL11036
ECB_01576,ydgC,0,0,0,0,0,0,0,0,0,0,0,1,Ara-2_REL11036
ECB_03140,trkA,0,0,0,0,0,0,0,0,1,0,0,0,Ara-2_REL11036
ECB_03514,yicI,0,0,0,0,0,0,0,0,0,0,0,1,Ara-2_REL11036
ECB_00703,nadA,0,0,0,0,0,0,0,0,1,0,0,0,Ara-2_REL11036
ECB_00096,ftsZ,0,0,0,0,0,0,0,0,0,0,0,1,Ara-2_REL11036
ECB_02075,yeiT,0,0,0,0,0,0,0,0,1,0,0,0,Ara-2_REL11036
ECB_02265,yfcX,0,0,0,1,0,0,0,0,0,0,0,0,Ara-2_REL11036
ECB_02166,glpT,0,0,0,1,0,0,0,0,0,0,0,0,Ara-2_REL11036
ECB_02080,galS,0,0,0,0,0,0,0,0,0,0,0,1,Ara-2_REL11036
ECB_01701,katE,1,0,0,0,0,0,0,0,0,0,0,0,Ara-2_REL11036
ECB_00099,secA,0,0,0,0,0,0,0,0,0,0,0,1,Ara-2_REL11036
ECB_02600,cysC,0,0,0,0,0,0,0,0,0,0,0,1,Ara-2_REL11036
ECB_03340,yhiM,0,0,0,1,0,0,0,0,0,0,0,0,Ara-2_REL11036
ECB_03710,ECB_03710,0,0,0,0,0,0,0,0,0,0,0,1,Ara-2_REL11036
ECB_01923,hisC,1,0,0,0,0,0,0,0,0,0,0,0,Ara-2_REL11036
ECB_01499,ydfH,0,0,0,0,0,0,0,0,1,0,0,0,Ara-2_REL11036
ECB_02705,ygeY,0,0,0,0,0,0,0,0,1,0,0,0,Ara-2_REL11036
ECB_03361,yhiU,0,0,0,0,0,0,0,0,1,0,0,0,Ara-2_REL11036
ECB_00783,ECB_00783,0,0,0,1,0,0,0,0,0,0,0,0,Ara-2_REL11036
ECB_00782,ybiP,1,0,0,0,0,0,0,0,0,0,0,0,Ara-2_REL11036
ECB_03043,hflB,0,0,0,0,0,0,0,0,0,0,0,1,Ara-2_REL11036
ECB_00787,ybiT,0,0,0,0,0,0,0,0,1,0,0,0,Ara-2_REL11036
ECB_02775,endA,0,0,0,0,0,0,0,0,1,0,0,0,Ara-2_REL11036
ECB_01614,ydhJ,0,0,0,0,0,0,0,0,1,0,0,0,Ara-2_REL11036
ECB_03044,rrmJ,0,0,0,1,0,0,0,0,0,0,0,0,Ara-2_REL11036
ECB_01098,fhuE,0,0,0,0,0,0,0,0,1,0,0,0,Ara-2_REL11036
ECB_01315,abgA,0,0,0,0,0,0,0,0,1,0,0,0,Ara-2_REL11036
ECB_01314,abgB,1,0,0,0,0,0,0,0,0,0,0,0,Ara-2_REL11036
ECB_01092,pabC,0,0,0,0,0,0,0,0,0,0,0,1,Ara-2_REL11036
ECB_01310,ydaA,1,0,0,0,0,0,0,0,0,0,0,0,Ara-2_REL11036
ECB_03550,uhpT,0,0,0,0,0,0,0,0,0,0,0,1,Ara-2_REL11036
ECB_01298,ycjX,1,0,0,0,0,0,0,0,0,0,0,0,Ara-2_REL11036
ECB_03845,argH,1,0,0,0,0,0,0,0,0,0,0,0,Ara-2_REL11036
ECB_01792,rrmA,0,0,0,0,0,0,0,0,0,0,0,1,Ara-2_REL11036
ECB_03176,gspD,1,0,0,0,0,0,0,0,0,0,0,0,Ara-2_REL11036
ECB_02329,yfeV,0,0,0,0,0,0,0,0,0,0,0,1,Ara-2_REL11036
ECB_03268,malQ,0,0,0,1,0,0,0,0,0,0,0,1,Ara-2_REL11036
ECB_00465,ylbA,0,0,0,0,0,0,0,0,1,0,0,0,Ara-2_REL11036
ECB_01564,ynfL,0,0,0,0,0,0,0,0,1,0,0,0,Ara-2_REL11036
ECB_00462,allB,0,0,0,0,0,0,0,0,0,0,0,1,Ara-2_REL11036
ECB_03916,dinF,0,0,0,0,0,0,0,0,1,0,0,0,Ara-2_REL11036
ECB_00240,proA,0,0,0,1,0,0,0,0,0,0,0,0,Ara-2_REL11036
ECB_02060,yehY,1,0,0,0,0,0,0,0,0,0,0,0,Ara-2_REL11036
ECB_00244,yagS,0,0,0,0,0,0,0,0,0,0,0,1,Ara-2_REL11036
ECB_04186,fimD,0,0,0,0,0,0,0,0,1,0,0,0,Ara-2_REL11036
ECB_02064,pbpG,1,0,0,0,0,0,0,0,0,0,0,0,Ara-2_REL11036
ECB_03116,panF,0,0,0,0,0,0,0,0,1,0,0,0,Ara-2_REL11036
ECB_00955,pqiB,0,0,0,0,0,0,0,0,0,0,0,1,Ara-2_REL11036
ECB_01735,sppA,0,0,0,0,0,0,0,0,1,0,0,1,Ara-2_REL11036
ECB_01734,ydjA,0,0,0,1,0,0,0,0,0,0,0,0,Ara-2_REL11036
ECB_00089,murD,0,0,0,1,0,0,0,0,0,0,0,0,Ara-2_REL11036
ECB_02466,rseA,0,0,0,0,0,0,0,0,0,0,0,2,Ara-2_REL11036
ECB_00058,imp,0,0,0,0,0,0,0,0,0,0,0,1,Ara-2_REL11036
ECB_02997,agaZ,0,0,0,0,0,0,0,0,1,0,0,0,Ara-2_REL11036
ECB_02994,sohA,0,0,0,0,0,0,0,0,1,0,0,0,Ara-2_REL11036
ECB_02379,hyfG,0,0,0,0,0,0,0,0,0,0,0,1,Ara-2_REL11036
ECB_01559,ynfH,0,0,0,0,0,0,0,0,1,0,0,0,Ara-2_REL11036
ECB_00794,moeA,0,0,0,0,0,0,0,0,1,0,0,0,Ara-2_REL11036
ECB_03375,yhjJ,0,0,0,1,0,0,0,0,0,0,0,0,Ara-2_REL11036
ECB_03980,yjdA,0,0,0,1,0,0,0,0,0,0,0,0,Ara-2_REL11036
ECB_01349,ydbK,1,0,0,0,0,0,0,0,0,0,0,0,Ara-2_REL11036
ECB_03997,yjdI,0,0,0,0,0,0,0,0,0,0,0,1,Ara-2_REL11036
ECB_01891,yeeJ,0,0,0,0,0,0,0,0,1,0,0,0,Ara-2_REL11036
ECB_02306,gltX,0,0,0,0,0,0,0,0,0,0,0,1,Ara-2_REL11036
ECB_02174,yfaX,1,0,0,0,0,0,0,0,0,0,0,0,Ara-2_REL11036
ECB_00393,ppiD,0,0,0,1,0,0,0,0,0,0,0,0,Ara-2_REL11036
ECB_00013,yaaI,0,0,0,0,0,0,0,0,1,0,0,0,Ara-2_REL11036
ECB_01220,oppD,0,0,0,0,0,0,0,0,1,0,0,0,Ara-2_REL11036
ECB_01223,cls,1,0,0,0,0,0,0,0,0,0,0,0,Ara-2_REL11036
ECB_03909,malM,0,0,0,1,0,0,0,0,0,0,0,0,Ara-2_REL11036
ECB_01556,ynfE,1,0,0,0,0,0,0,0,0,0,0,0,Ara-2_REL11036
ECB_03970,phnJ,1,0,0,0,0,0,0,0,0,0,0,0,Ara-2_REL11036
ECB_01021,ycdB,0,0,0,0,0,0,0,0,0,0,0,1,Ara-2_REL11036
ECB_01654,ydiH,0,0,0,0,0,0,0,0,1,0,0,0,Ara-2_REL11036
ECB_00660,ybfO,0,0,0,1,0,0,0,0,0,0,0,0,Ara-2_REL11036
ECB_00661,ybfC,0,0,0,1,0,0,0,0,0,0,0,0,Ara-2_REL11036
ECB_02611,ygcN,1,0,0,0,0,0,0,0,0,0,0,0,Ara+3_REL10953
ECB_02201,nuoN,0,0,0,0,0,0,0,0,0,0,0,1,Ara+3_REL10953
ECB_02208,nuoG,0,0,0,0,0,0,0,0,0,0,0,1,Ara+3_REL10953
ECB_02198,yfbM,0,0,0,1,0,0,0,0,0,0,0,1,Ara+3_REL10953
ECB_02922,rfaE,0,0,0,0,0,0,0,0,0,0,0,1,Ara+3_REL10953
ECB_02927,uppP,0,0,0,0,0,0,0,0,0,0,0,1,Ara+3_REL10953
ECB_02926,cca,0,0,0,0,0,0,0,0,1,0,0,0,Ara+3_REL10953
ECB_02293,ypdD,0,0,0,0,0,0,0,0,0,0,0,1,Ara+3_REL10953
ECB_02666,argA,0,0,0,0,0,0,0,0,1,0,0,0,Ara+3_REL10953
ECB_02667,recD,0,0,0,1,0,0,0,0,0,0,0,0,Ara+3_REL10953
ECB_02848,glcD,0,0,0,0,0,0,0,0,0,0,0,1,Ara+3_REL10953
ECB_02106,rtn,1,0,0,0,0,0,0,0,0,0,0,0,Ara+3_REL10953
ECB_02103,yeiR,1,0,0,0,0,0,0,0,0,0,0,0,Ara+3_REL10953
ECB_00226,dinB,0,0,0,0,0,0,0,0,0,0,0,1,Ara+3_REL10953
ECB_03136,smf,0,0,0,1,0,0,0,0,0,0,0,0,Ara+3_REL10953
ECB_03134,yrdD,0,0,0,0,0,0,0,0,0,0,0,1,Ara+3_REL10953
ECB_02449,purL,0,0,0,1,0,0,0,0,0,0,0,1,Ara+3_REL10953
ECB_00637,glnS,0,0,0,0,0,0,0,0,0,0,0,1,Ara+3_REL10953
ECB_00221,dinJ,1,0,0,0,0,0,0,0,0,0,0,0,Ara+3_REL10953
ECB_02335,amiA,0,0,0,0,0,0,0,0,1,0,0,0,Ara+3_REL10953
ECB_02726,xerD,0,0,0,1,0,0,0,0,0,0,0,0,Ara+3_REL10953
ECB_02721,idi,0,0,0,0,0,0,0,0,1,0,0,0,Ara+3_REL10953
ECB_02686,lysA,0,0,0,1,0,0,0,0,0,0,0,0,Ara+3_REL10953
ECB_01322,intR,0,0,0,0,0,0,0,0,1,0,0,0,Ara+3_REL10953
ECB_02237,purF,0,0,0,0,0,0,0,0,0,0,0,1,Ara+3_REL10953
ECB_03027,yhbW,0,0,0,0,0,0,0,0,0,0,0,1,Ara+3_REL10953
ECB_00133,panB,0,0,0,0,0,0,0,0,1,0,0,0,Ara+3_REL10953
ECB_02519,gabP,0,0,0,0,0,0,0,0,1,0,0,0,Ara+3_REL10953
ECB_02235,argT,0,0,0,0,0,0,0,0,0,0,0,1,Ara+3_REL10953
ECB_00134,yadC,0,0,0,0,0,0,0,0,1,0,0,0,Ara+3_REL10953
ECB_00138,htrE,1,0,0,0,0,0,0,0,1,0,0,0,Ara+3_REL10953
ECB_04072,ECB_04072,1,0,0,0,0,0,0,0,0,0,0,0,Ara+3_REL10953
ECB_00982,appB,0,0,0,1,0,0,0,0,0,0,0,0,Ara+3_REL10953
ECB_00980,hyaF,0,0,0,1,0,0,0,0,0,0,0,0,Ara+3_REL10953
ECB_01924,hisB,0,0,0,0,0,0,0,0,1,0,0,1,Ara+3_REL10953
ECB_03182,gspJ,1,0,0,0,0,0,0,0,0,0,0,0,Ara+3_REL10953
ECB_01218,oppB,0,0,0,0,0,0,0,0,1,0,0,0,Ara+3_REL10953
ECB_01199,narL,0,0,0,0,0,0,0,0,0,0,0,1,Ara+3_REL10953
ECB_03954,yjcR,0,0,0,1,0,0,0,0,0,0,0,0,Ara+3_REL10953
ECB_01601,rnfG,0,0,0,0,0,0,0,0,0,0,0,1,Ara+3_REL10953
ECB_03953,yjcQ,1,0,0,0,0,0,0,0,0,0,0,0,Ara+3_REL10953
ECB_03525,ECB_03525,0,0,0,1,0,0,0,0,0,0,0,0,Ara+3_REL10953
ECB_00732,ECB_00732,1,0,0,0,0,0,0,0,0,0,0,0,Ara+3_REL10953
ECB_00737,ECB_00737,0,0,0,1,0,0,0,0,0,0,0,0,Ara+3_REL10953
ECB_01072,flgE,0,0,0,1,0,0,0,0,0,0,0,0,Ara+3_REL10953
ECB_01171,ycgY,0,0,0,1,0,0,0,0,0,0,0,0,Ara+3_REL10953
ECB_01079,flgL,0,0,0,0,0,0,0,0,0,0,0,1,Ara+3_REL10953
ECB_01176,dhaR,0,0,0,0,0,0,0,0,0,0,0,1,Ara+3_REL10953
ECB_00858,ybjN,1,0,0,0,0,0,0,0,0,0,0,0,Ara+3_REL10953
ECB_02891,parC,0,0,0,0,0,0,0,0,0,1,0,0,Ara+3_REL10953
ECB_01583,ydgA,0,0,0,1,0,0,0,0,0,0,0,0,Ara+3_REL10953
ECB_01856,tap,0,0,0,1,0,0,0,0,0,0,0,0,Ara+3_REL10953
ECB_01857,tar,0,0,0,0,0,0,0,0,0,0,0,1,Ara+3_REL10953
ECB_00916,himD,0,0,0,0,0,0,0,0,1,0,0,0,Ara+3_REL10953
ECB_01855,cheR,0,0,0,1,0,0,0,0,0,0,0,0,Ara+3_REL10953
ECB_00853,ybjM,0,0,0,1,0,0,0,0,0,0,0,0,Ara+3_REL10953
ECB_01454,yddA,0,0,0,0,0,0,0,0,1,0,0,0,Ara+3_REL10953
ECB_01452,pqqL,0,0,0,0,0,0,0,0,1,0,0,0,Ara+3_REL10953
ECB_01102,ycfN,0,0,0,0,0,0,0,0,1,0,0,0,Ara+3_REL10953
ECB_02150,atoE,0,0,0,0,0,0,0,0,1,0,0,0,Ara+3_REL10953
ECB_02157,gyrA,0,0,0,0,0,0,0,0,1,0,0,0,Ara+3_REL10953
ECB_03820,priA,0,0,0,1,0,0,0,0,0,0,0,0,Ara+3_REL10953
ECB_02094,yeiN,0,0,0,1,0,0,0,0,0,0,0,0,Ara+3_REL10953
ECB_04253,yjjU,0,0,0,1,0,0,0,0,0,0,0,1,Ara+3_REL10953
ECB_04250,prfC,0,0,0,1,0,0,0,0,0,0,0,0,Ara+3_REL10953
ECB_04154,fecD,0,0,0,0,0,0,0,0,1,0,0,0,Ara+3_REL10953
ECB_00374,yajQ,0,0,0,0,0,0,0,0,0,0,0,1,Ara+3_REL10953
ECB_04157,fecA,0,0,0,0,0,0,0,0,1,0,0,0,Ara+3_REL10953
ECB_02804,ECB_02804,0,0,0,0,0,0,0,0,1,0,0,0,Ara+3_REL10953
ECB_01778,yoaA,1,0,0,0,0,0,0,0,0,0,0,0,Ara+3_REL10953
ECB_02278,emrK,0,0,0,1,0,0,0,0,0,0,0,0,Ara+3_REL10953
ECB_02276,dsdA,0,0,0,1,0,0,0,0,0,0,0,0,Ara+3_REL10953
ECB_02378,hyfF,1,0,0,0,0,0,0,0,0,0,0,0,Ara+3_REL10953
ECB_00178,fabZ,0,0,0,1,0,0,0,0,0,0,0,0,Ara+3_REL10953
ECB_00171,ispC,0,0,0,0,0,0,0,0,0,0,0,1,Ara+3_REL10953
ECB_03707,metR,0,0,0,0,0,0,0,0,1,0,0,0,Ara+3_REL10953
ECB_00072,setA,0,0,0,0,0,0,0,0,1,0,0,0,Ara+3_REL10953
ECB_00070,tbpA,0,0,0,1,0,0,0,0,0,0,0,0,Ara+3_REL10953
ECB_02979,tdcG,0,0,0,1,0,0,0,0,0,0,0,0,Ara+3_REL10953
ECB_02872,hybA,0,0,0,1,0,0,0,0,0,0,0,0,Ara+3_REL10953
ECB_02798,ECB_02798,0,0,0,0,0,0,0,0,1,0,0,0,Ara+3_REL10953
ECB_00317,tauC,0,0,0,0,0,0,0,0,0,0,0,1,Ara+3_REL10953
ECB_00257,ykgA,0,0,0,0,0,0,0,0,0,0,0,1,Ara+3_REL10953
ECB_00256,eaeH,0,0,0,0,0,0,0,0,0,0,0,1,Ara+3_REL10953
ECB_00254,ykgL,0,0,0,0,0,0,0,0,1,0,0,0,Ara+3_REL10953
ECB_00253,ykgK,0,0,0,0,0,0,0,0,1,0,0,0,Ara+3_REL10953
ECB_02478,yfiQ,0,0,0,1,0,0,0,0,0,0,0,0,Ara+3_REL10953
ECB_00388,clpP,0,0,0,1,0,0,0,0,0,0,0,0,Ara+3_REL10953
ECB_03177,gspE,0,0,1,0,0,0,0,0,0,0,0,0,Ara+3_REL10953
ECB_00678,ybgQ,0,0,0,0,0,0,0,0,1,0,0,0,Ara+3_REL10953
ECB_03942,nrfA,0,0,0,0,0,0,0,0,0,0,1,0,Ara+3_REL10953
ECB_02482,clpB,0,0,0,1,0,0,0,0,0,0,0,0,Ara+3_REL10953
ECB_00778,glnH,0,0,0,0,0,0,0,0,1,0,0,0,Ara+3_REL10953
ECB_00672,ybgK,1,0,0,0,0,0,0,0,0,0,0,0,Ara+3_REL10953
ECB_03291,yhhX,0,0,0,0,0,0,0,0,0,0,0,1,Ara+3_REL10953
ECB_00959,ycbZ,0,0,0,1,0,0,0,0,0,0,0,0,Ara+3_REL10953
ECB_03351,arsB,0,0,1,0,0,0,0,0,0,0,0,0,Ara+3_REL10953
ECB_00405,ybaY,0,0,0,0,0,0,0,0,1,0,0,0,Ara+3_REL10953
ECB_01957,wcaH,0,0,0,1,0,0,0,0,0,0,0,0,Ara+3_REL10953
ECB_00745,bioD,0,0,0,1,0,0,0,0,0,0,0,0,Ara+3_REL10953
ECB_00798,yliC,0,0,0,0,0,0,0,0,0,0,0,1,Ara+3_REL10953
ECB_00813,ybjK,0,0,0,0,0,0,0,0,0,0,0,1,Ara+3_REL10953
ECB_00812,ybjJ,0,0,0,0,0,0,0,0,0,0,0,1,Ara+3_REL10953
ECB_01318,ydaM,0,0,0,0,0,0,0,0,1,0,0,0,Ara+3_REL10953
ECB_00496,ybcM,0,0,0,1,0,0,0,0,0,0,0,0,Ara+3_REL10953
ECB_01558,ynfG,0,0,0,0,0,0,0,0,1,0,0,0,Ara+3_REL10953
ECB_01726,ynjE,0,0,0,0,0,0,0,0,1,0,0,0,Ara+3_REL10953
ECB_01043,ymdC,0,0,0,1,0,0,0,0,0,0,0,0,Ara+3_REL10953
ECB_02058,yehW,1,0,0,0,0,0,0,0,0,0,0,0,Ara+3_REL10953
ECB_00929,ycbB,0,0,0,0,0,0,0,0,0,0,0,1,Ara+3_REL10953
ECB_00928,mukB,0,0,0,1,0,0,0,0,0,0,0,0,Ara+3_REL10953
ECB_03225,yhfR,1,0,0,0,0,0,0,0,0,0,0,0,Ara+3_REL10953
ECB_00924,ycbC,1,0,0,0,0,0,0,0,0,0,0,0,Ara+3_REL10953
ECB_04112,pyrI,1,0,0,0,0,0,0,0,0,0,0,0,Ara+3_REL10953
ECB_04113,pyrB,0,0,0,0,0,0,0,0,1,0,0,0,Ara+3_REL10953
ECB_02246,flk,1,0,0,0,0,0,0,0,0,0,0,0,Ara+3_REL10953
ECB_02499,ffh,0,0,0,0,0,0,0,0,0,0,0,1,Ara+3_REL10953
ECB_04203,yjiL,0,0,0,1,0,0,0,0,0,0,0,0,Ara+3_REL10953
ECB_00037,carB,0,0,0,0,0,0,0,0,1,0,0,0,Ara+3_REL10953
ECB_00036,carA,0,0,0,0,0,0,0,0,0,0,0,1,Ara+3_REL10953
ECB_03674,yifK,0,0,0,0,0,0,0,0,0,0,0,1,Ara+3_REL10953
ECB_02930,ygiP,0,0,0,0,0,0,0,0,0,0,0,1,Ara+3_REL10953
ECB_02281,yfdE,0,0,0,1,0,0,0,0,0,0,0,0,Ara+3_REL10953
ECB_03642,hdfR,1,0,0,0,0,0,0,0,0,0,0,0,Ara+3_REL10953
ECB_03649,ilvD,0,0,0,0,0,0,0,0,0,0,0,1,Ara+3_REL10953
ECB_00629,yleA,0,0,0,0,0,0,0,0,0,0,0,1,Ara+3_REL10953
ECB_02301,mntH,0,0,0,1,0,0,0,0,0,0,0,0,Ara+3_REL10953
ECB_02737,gcvT,1,0,0,0,0,0,0,0,0,0,0,0,Ara+3_REL10953
ECB_00409,ylaC,1,0,0,0,0,0,0,0,0,0,0,0,Ara+3_REL10953
ECB_02945,ebgA,0,0,0,0,0,0,0,0,0,0,0,1,Ara+3_REL10953
ECB_02944,ebgR,1,0,0,0,0,0,0,0,0,0,0,0,Ara+3_REL10953
ECB_02947,ygjI,0,0,0,0,0,0,0,0,1,0,0,0,Ara+3_REL10953
ECB_00108,nadC,1,0,0,0,0,0,0,0,0,0,0,0,Ara+3_REL10953
ECB_01913,dacD,0,0,0,0,0,0,0,0,0,0,0,2,Ara+3_REL10953
ECB_03396,yhjW,0,0,0,1,0,0,0,0,0,0,0,0,Ara+3_REL10953
ECB_03625,gidA,0,0,0,0,0,0,0,0,0,0,0,1,Ara+3_REL10953
ECB_00369,ispA,0,0,0,1,0,0,0,0,0,0,0,0,Ara+3_REL10953
ECB_00363,ribH,0,0,0,0,0,0,0,0,0,0,0,1,Ara+3_REL10953
ECB_00362,ribD,0,0,0,1,0,0,0,0,0,0,0,0,Ara+3_REL10953
ECB_00448,rhsD,0,0,1,0,0,0,0,0,1,0,0,0,Ara+3_REL10953
ECB_02428,hcaT,0,0,0,1,0,0,0,0,0,0,0,0,Ara+3_REL10953
ECB_02542,ygaG,0,0,0,0,0,0,0,0,0,0,0,1,Ara+3_REL10953
ECB_00697,tolQ,0,0,0,0,0,0,0,0,0,0,0,1,Ara+3_REL10953
ECB_00695,ybgE,0,0,0,0,0,0,0,0,0,0,0,1,Ara+3_REL10953
ECB_03946,nrfE,0,0,0,0,0,0,0,0,0,0,0,1,Ara+3_REL10953
ECB_03087,dcuD,1,0,0,0,0,0,0,0,0,0,0,0,Ara+3_REL10953
ECB_00748,moaA,0,0,0,1,0,0,0,0,0,0,0,0,Ara+3_REL10953
ECB_03940,yjcH,0,0,0,0,0,0,0,0,0,0,0,1,Ara+3_REL10953
ECB_00213,yhhI,0,0,0,0,0,0,0,0,0,0,0,1,Ara+3_REL10953
ECB_03089,sspA,0,0,0,1,0,0,0,0,0,0,0,0,Ara+3_REL10953
ECB_01349,ydbK,1,0,0,0,0,0,0,0,0,0,0,0,Ara+3_REL10953
ECB_00216,fadE,0,0,0,0,0,0,0,0,0,0,0,1,Ara+3_REL10953
ECB_00742,bioB,0,0,0,0,0,0,0,0,0,0,0,1,Ara+3_REL10953
ECB_03268,malQ,0,0,0,0,0,0,0,0,1,0,0,0,Ara+3_REL10953
ECB_01000,torA,0,0,0,1,0,0,0,0,0,0,0,0,Ara+3_REL10953
ECB_03300,ugpE,0,0,0,1,0,0,0,0,0,0,0,0,Ara+3_REL10953
ECB_00964,yccS,0,0,0,1,0,0,0,0,0,0,0,0,Ara+3_REL10953
ECB_01865,otsA,0,0,0,1,0,0,0,0,0,0,0,0,Ara+3_REL10953
ECB_01986,yegQ,0,0,0,0,0,0,0,0,0,0,0,1,Ara+3_REL10953
ECB_00847,tfaE,0,0,0,0,0,0,0,0,1,0,0,0,Ara+3_REL10953
ECB_00043,caiA,0,0,0,1,0,0,0,0,0,0,0,0,Ara+3_REL10953
ECB_04074,ECB_04074,0,0,0,0,0,0,0,0,1,0,0,0,Ara+3_REL10953
ECB_00996,torS,1,0,0,0,0,0,0,0,0,0,0,0,Ara+3_REL10953
ECB_00997,torT,1,0,0,0,0,0,0,0,0,0,0,0,Ara+3_REL10953
ECB_02081,yeiB,0,0,0,0,0,0,0,0,1,0,0,0,Ara+3_REL10953
ECB_01482,yneI,0,0,0,0,0,0,0,0,0,0,0,1,Ara+3_REL10953
ECB_04124,valS,1,0,0,0,0,0,0,0,0,0,0,0,Ara+3_REL10953
ECB_04086,cysQ,0,0,0,1,0,0,0,0,0,0,0,0,Ara+3_REL10953
ECB_01506,ECB_01506,1,0,0,0,0,0,0,0,0,0,0,0,Ara+3_REL10953
ECB_02264,sixA,0,0,0,0,0,0,0,0,0,0,0,1,Ara+3_REL10953
ECB_00090,ftsW,0,0,0,1,0,0,0,0,0,0,0,0,Ara+3_REL10953
ECB_02266,yfcY,0,0,0,0,0,0,0,0,0,0,0,1,Ara+3_REL10953
ECB_00092,murC,0,0,0,0,0,0,0,0,0,0,0,1,Ara+3_REL10953
ECB_00099,secA,0,0,0,1,0,0,0,0,0,0,0,1,Ara+3_REL10953
ECB_00069,thiP,1,0,0,0,0,0,0,0,1,0,0,0,Ara+3_REL10953
ECB_00149,fhuA,0,0,0,0,0,0,0,0,0,0,0,1,Ara+3_REL10953
ECB_00148,mrcB,0,0,0,0,0,0,0,0,0,0,0,2,Ara+3_REL10953
ECB_04236,mdoB,0,0,0,0,0,0,0,0,1,0,0,0,Ara+3_REL10953
ECB_02561,ygbD,0,0,0,0,0,0,0,0,2,0,0,0,Ara+3_REL10953
ECB_03110,mreB,0,0,0,1,0,0,0,0,0,0,0,0,Ara+3_REL10953
ECB_00242,yagQ,1,0,0,0,0,0,0,0,0,0,0,0,Ara+3_REL10953
ECB_00243,yagR,0,0,0,1,0,0,0,0,0,0,0,0,Ara+3_REL10953
ECB_03118,yhdG,1,0,0,0,0,0,0,0,0,0,0,0,Ara+3_REL10953
ECB_00719,ybhA,1,0,0,0,0,0,0,0,0,0,0,0,Ara+3_REL10953
ECB_02566,ascB,0,0,0,1,0,0,0,0,0,0,0,0,Ara+3_REL10953
ECB_02461,rncS,0,0,0,1,0,0,0,0,0,0,0,0,Ara+3_REL10953
ECB_02745,rpiA,0,0,0,0,0,0,0,0,1,0,0,0,Ara+3_REL10953
ECB_03982,proP,0,0,0,0,0,0,0,0,0,0,0,1,Ara+3_REL10953
ECB_03981,yjcZ,0,0,0,1,0,0,0,0,0,0,0,0,Ara+3_REL10953
ECB_03986,yjdE,0,0,0,0,0,0,0,0,1,0,0,0,Ara+3_REL10953
ECB_00669,ybgH,0,0,0,0,0,0,0,0,1,0,0,0,Ara+3_REL10953
ECB_04032,orn,0,0,0,1,0,0,0,0,0,0,0,0,Ara+3_REL10953
ECB_02341,eutB,0,0,0,1,0,0,0,0,0,0,0,0,Ara+3_REL10953
ECB_03168,rplB,0,0,0,1,0,0,0,0,0,0,0,0,Ara+3_REL10953
ECB_01823,zwf,0,0,0,1,0,0,0,0,0,0,0,0,Ara+3_REL10953
ECB_01822,edd,0,0,0,1,0,0,0,0,0,0,0,0,Ara+3_REL10953
ECB_01820,purT,0,0,0,0,0,0,0,0,1,0,0,0,Ara+3_REL10953
ECB_04192,uxuB,0,0,0,0,0,0,0,0,0,0,0,1,Ara+3_REL10953
ECB_00433,ybaP,0,0,0,0,0,0,0,0,1,0,0,0,Ara+3_REL10953
ECB_00430,fsr,1,0,0,0,0,0,0,0,0,0,0,0,Ara+3_REL10953
ECB_02518,gabT,0,0,0,0,0,0,0,0,1,0,0,0,Ara+3_REL10953
ECB_00805,yliJ,0,0,0,0,0,0,0,0,1,0,0,0,Ara+3_REL10953
ECB_00802,yliG,1,0,0,0,0,0,0,0,0,0,0,0,Ara+3_REL10953
ECB_00800,yliE,0,0,0,0,0,0,0,0,0,0,0,1,Ara+3_REL10953
ECB_02512,ECB_02512,1,0,0,0,0,0,0,0,0,0,0,0,Ara+3_REL10953
ECB_03028,mtr,0,0,0,0,0,0,0,0,0,1,0,1,Ara+3_REL10953
ECB_02051,yehQ,1,0,0,0,0,0,0,0,1,0,0,0,Ara+3_REL10953
ECB_03105,yhdP,1,0,0,0,0,0,0,0,0,0,0,0,Ara+3_REL10953
ECB_00483,sfmH,0,0,0,1,0,0,0,0,0,0,0,0,Ara+3_REL10953
ECB_01629,purR,1,0,0,0,0,0,0,0,0,0,0,0,Ara+3_REL10953
ECB_00898,dmsA,0,0,0,0,0,0,0,0,1,0,0,1,Ara+3_REL10953
ECB_03939,actP,1,0,0,0,0,0,0,0,0,0,0,0,Ara+3_REL10953
ECB_01235,trpB,0,0,0,0,0,0,0,0,1,0,0,0,Ara+3_REL10953
ECB_00323,ampH,1,0,0,0,0,0,0,0,0,0,0,0,Ara+3_REL10953
ECB_00489,ECB_00489,0,0,0,0,0,0,0,0,0,0,0,1,Ara+3_REL10953
ECB_00890,cydC,1,0,0,0,0,0,0,0,1,0,0,0,Ara+3_REL10953
ECB_01623,lhr,0,0,0,0,0,0,0,0,0,0,0,1,Ara+3_REL10953
ECB_03930,uvrA,0,0,0,1,0,0,0,0,0,0,0,0,Ara+3_REL10953
ECB_01754,yeaI,0,0,0,1,0,0,0,0,0,0,0,0,Ara+3_REL10953
ECB_00930,ycbK,0,0,0,0,0,0,0,0,1,0,0,0,Ara+3_REL10953
ECB_00935,pncB,1,0,0,0,0,0,0,0,0,0,0,0,Ara+3_REL10953
ECB_04232,tsr,0,0,0,0,0,0,0,0,1,0,0,0,Ara+3_REL10953
ECB_02636,yqcB,0,0,0,0,0,0,0,0,0,0,0,1,Ara+3_REL10953
ECB_03962,rpiB,0,0,0,0,0,0,0,0,1,0,0,0,Ara+3_REL10953
ECB_04174,ECB_04174,1,0,0,0,0,0,0,0,0,0,0,0,Ara+3_REL10953
ECB_02049,yehM,0,0,0,1,0,0,0,0,0,0,0,0,Ara+3_REL10953
ECB_02128,ccmA,0,0,0,0,0,0,0,0,0,0,0,1,Ara+3_REL10953
ECB_00611,leuS,0,0,0,0,0,0,0,0,0,0,0,1,Ara+3_REL10953
ECB_03793,rhaT,0,0,0,0,0,0,0,0,1,0,0,0,Ara+3_REL10953
ECB_03658,rhlB,0,0,0,0,0,0,0,0,0,0,0,1,Ara+3_REL10953
ECB_02252,yfcA,0,0,0,1,0,0,0,0,0,0,0,0,Ara+3_REL10953
ECB_02705,ygeY,0,0,0,0,0,0,0,0,1,0,0,1,Ara+3_REL10953
ECB_02704,ygeX,0,0,0,0,0,0,0,0,0,0,0,1,Ara+3_REL10953
ECB_00293,cynT,0,0,0,0,0,0,0,0,0,0,0,1,Ara+3_REL10953
ECB_00290,codB,0,0,0,0,0,0,0,0,0,0,0,1,Ara+3_REL10953
ECB_02959,ygjV,0,0,0,0,0,0,0,0,0,0,0,1,Ara+3_REL10953
ECB_02229,yfcH,0,0,0,0,0,0,0,0,1,0,0,0,Ara+3_REL10953
ECB_02227,yfcG,0,0,0,1,0,0,0,0,0,0,0,0,Ara+3_REL10953
ECB_02221,ackA,0,0,0,0,0,0,0,0,1,0,0,0,Ara+3_REL10953
ECB_02222,pta,1,0,0,0,0,0,0,0,0,0,0,0,Ara+3_REL10953
ECB_00370,xseB,0,0,0,1,0,0,0,0,0,0,0,0,Ara+3_REL10953
ECB_01676,ydiV,0,0,0,0,0,0,0,0,0,0,0,1,Ara+3_REL10953
ECB_01901,cobS,0,0,0,0,0,0,0,0,0,0,0,1,Ara+3_REL10953
ECB_00377,ECB_00377,0,0,0,1,0,0,0,0,0,0,0,0,Ara+3_REL10953
ECB_00277,yahG,0,0,0,0,0,0,0,0,0,0,0,1,Ara+3_REL10953
ECB_02554,srlB,1,0,0,0,0,0,0,0,0,0,0,0,Ara+3_REL10953
ECB_02418,hscA,0,0,0,1,0,0,0,0,0,0,0,0,Ara+3_REL10953
ECB_02412,yfhM,0,0,0,0,0,0,0,0,0,0,0,1,Ara+3_REL10953
ECB_02559,ygaA,0,0,0,0,0,0,0,0,0,0,0,1,Ara+3_REL10953
ECB_01277,aldH,1,0,0,0,0,0,0,0,0,0,0,0,Ara+3_REL10953
ECB_03970,phnJ,0,0,0,1,0,0,0,0,0,0,0,0,Ara+3_REL10953
ECB_00754,ybhM,0,0,0,0,0,0,0,0,0,0,0,1,Ara+3_REL10953
ECB_01017,putA,0,0,0,0,0,0,0,0,1,0,0,0,Ara+3_REL10953
ECB_00940,ssuA,0,0,0,0,0,0,0,0,1,0,0,0,Ara+3_REL10953
ECB_01406,yncB,0,0,0,0,0,0,0,0,0,0,0,1,Ara+3_REL10953
ECB_03275,glpG,0,0,0,0,0,0,0,0,0,0,0,1,Ara+3_REL10953
ECB_03270,malT,0,0,0,0,0,0,0,0,0,0,1,0,Ara+3_REL10953
ECB_01018,putP,0,0,0,0,0,0,0,0,1,0,0,0,Ara+3_REL10953
ECB_00550,fepA,0,0,0,0,0,0,0,0,1,0,0,0,Ara+3_REL10953
ECB_01973,yegE,0,0,0,0,0,0,0,0,0,0,0,1,Ara+3_REL10953
ECB_03072,yrbL,0,0,0,0,0,0,0,0,1,0,0,0,Ara+3_REL10953
ECB_00874,ybjT,0,0,0,0,0,0,0,0,0,0,1,0,Ara+3_REL10953
ECB_03075,arcB,0,0,0,0,0,0,0,0,0,0,0,1,Ara+3_REL10953
ECB_00553,entF,0,0,0,1,0,0,0,0,0,0,0,0,Ara+3_REL10953
ECB_01089,fabG,0,0,0,1,0,0,0,0,0,0,0,1,Ara+3_REL10953
ECB_01082,rluC,0,0,0,0,0,0,0,0,0,0,0,1,Ara+3_REL10953
ECB_00474,ybbF,0,0,0,1,0,0,0,0,0,0,0,0,Ara+3_REL10953
ECB_02073,sanA,1,0,0,0,0,0,0,0,0,0,0,0,Ara+3_REL10953
ECB_02075,yeiT,0,0,0,0,0,0,0,0,1,0,0,0,Ara+3_REL10953
ECB_02077,mglC,0,0,0,0,0,0,0,0,0,0,0,1,Ara+3_REL10953
ECB_01835,yebC,0,0,0,1,0,0,0,0,1,0,0,0,Ara+3_REL10953
ECB_03209,yhfK,0,0,0,1,0,0,0,0,0,0,0,0,Ara+3_REL10953
ECB_01498,ydfG,0,0,0,1,0,0,0,0,0,0,0,0,Ara+3_REL10953
ECB_01293,ycjT,0,0,0,0,0,0,0,0,1,0,0,0,Ara+3_REL10953
ECB_03201,kefB,0,0,0,0,0,0,0,0,1,0,0,0,Ara+3_REL10953
ECB_01294,ycjU,1,0,0,0,0,0,0,0,0,0,0,0,Ara+3_REL10953
ECB_01497,dcp,0,0,0,1,0,0,0,0,0,0,0,0,Ara+3_REL10953
ECB_04136,intB,0,0,0,1,0,0,0,0,0,0,0,0,Ara+3_REL10953
ECB_02211,nuoC,0,0,0,1,0,0,0,0,0,0,0,0,Ara+3_REL10953
ECB_00080,ilvH,0,0,0,0,0,0,0,0,1,0,0,0,Ara+3_REL10953
ECB_01838,yecD,1,0,0,0,0,0,0,0,0,0,0,0,Ara+3_REL10953
ECB_00089,murD,0,0,0,1,0,0,0,0,0,0,0,0,Ara+3_REL10953
ECB_02181,yfbG,0,0,0,0,0,0,0,0,1,0,0,0,Ara+3_REL10953
ECB_00159,dgt,0,0,0,1,0,0,0,0,0,0,0,0,Ara+3_REL10953
ECB_02170,yfaD,0,0,0,0,0,0,0,0,1,0,0,0,Ara+3_REL10953
ECB_02592,nlpD,0,0,0,1,0,0,0,0,0,0,0,0,Ara+3_REL10953
ECB_02328,yfeU,0,0,0,0,0,0,0,0,1,0,0,0,Ara+3_REL10953
ECB_00725,ybhC,0,0,0,0,0,0,0,0,1,0,0,0,Ara+3_REL10953
ECB_00724,ybhJ,0,0,0,1,0,0,0,0,0,0,0,0,Ara+3_REL10953
ECB_02597,ispD,1,0,0,0,0,0,0,0,0,0,0,0,Ara+3_REL10953
ECB_03104,tldD,0,0,0,0,0,0,0,0,0,0,0,1,Ara+3_REL10953
ECB_00232,pepD,0,0,0,0,0,0,0,0,1,0,0,0,Ara+3_REL10953
ECB_03108,mreD,1,0,0,0,0,0,0,0,0,0,0,0,Ara+3_REL10953
ECB_02750,ygfG,0,0,0,0,0,0,0,0,1,0,0,0,Ara+3_REL10953
ECB_02759,yggC,0,0,0,0,0,0,0,0,0,0,0,1,Ara+3_REL10953
ECB_02692,yqeF,0,0,0,0,0,0,0,0,1,0,0,0,Ara+3_REL10953
ECB_03589,yidC,2,0,0,0,0,0,0,0,0,0,0,0,Ara+3_REL10953
ECB_03583,recF,1,0,0,0,0,0,0,0,0,0,0,0,Ara+3_REL10953
ECB_00125,yadF,1,0,0,0,0,0,0,0,0,0,0,0,Ara+3_REL10953
ECB_00654,kdpB,0,0,0,0,0,0,0,0,1,0,0,0,Ara+3_REL10953
ECB_02354,maeB,0,0,0,0,0,0,0,0,0,0,0,1,Ara+3_REL10953
ECB_00658,rhsC,1,0,0,0,0,0,0,0,0,0,0,0,Ara+3_REL10953
ECB_00555,fepC,0,0,0,0,0,0,0,0,0,0,0,1,Ara+3_REL10953
ECB_00556,fepG,1,0,0,0,0,0,0,0,0,0,0,0,Ara+3_REL10953
ECB_00421,dnaX,0,0,0,0,0,0,0,0,0,0,0,1,Ara+3_REL10953
ECB_00423,recR,0,0,0,0,0,0,0,0,0,0,0,1,Ara+3_REL10953
ECB_00424,htpG,0,0,0,0,0,0,0,0,0,0,0,1,Ara+3_REL10953
ECB_00425,adk,0,0,0,1,0,0,0,0,0,0,0,0,Ara+3_REL10953
ECB_01296,ompG,0,0,0,0,0,0,0,0,1,0,0,0,Ara+3_REL10953
ECB_00345,sbcC,0,0,0,0,0,0,0,0,0,0,0,1,Ara+3_REL10953
ECB_03031,pnp,0,0,0,0,0,0,0,0,0,0,0,1,Ara+3_REL10953
ECB_00671,ybgJ,0,0,0,0,0,0,0,0,1,0,0,0,Ara+3_REL10953
ECB_01203,narH,0,0,0,1,0,0,0,0,0,0,0,0,Ara+3_REL10953
ECB_01202,narG,0,0,0,0,0,0,0,0,0,0,0,1,Ara+3_REL10953
ECB_00889,aat,1,0,0,0,0,0,0,0,0,0,0,0,Ara+3_REL10953
ECB_00887,clpA,1,0,0,1,0,0,0,0,0,0,0,0,Ara+3_REL10953
ECB_01634,norM,1,0,0,0,0,0,0,0,0,0,0,0,Ara+3_REL10953
ECB_00330,phoA,0,0,0,0,0,0,0,0,0,0,0,1,Ara+3_REL10953
ECB_00883,macA,1,0,0,0,0,0,0,0,0,0,0,0,Ara+3_REL10953
ECB_01745,ydjL,0,0,0,0,0,0,0,0,0,0,0,1,Ara+3_REL10953
ECB_00710,galK,0,0,0,0,0,0,0,0,1,0,0,0,Ara+3_REL10953
ECB_03247,yrfD,0,0,0,1,0,0,0,0,0,0,0,0,Ara+3_REL10953
ECB_00907,pflB,0,0,0,0,0,0,0,0,1,0,0,1,Ara+3_REL10953
ECB_02933,ygjE,0,0,0,0,0,0,0,0,1,0,0,0,Ara+3_REL10953
ECB_00249,yagW,1,0,0,0,0,0,0,0,0,0,0,0,Ara+3_REL10953
ECB_01110,mfd,0,0,0,0,0,0,0,0,1,0,0,0,Ara+3_REL10953
ECB_02145,rcsC,0,0,0,1,0,0,0,0,0,0,0,0,Ara+3_REL10953
ECB_02146,atoS,0,0,0,1,0,0,0,0,0,0,0,0,Ara+3_REL10953
ECB_03531,ECB_03531,0,0,0,1,0,0,0,0,0,0,0,0,Ara+3_REL10953
ECB_04262,lplA,0,0,0,0,0,0,0,0,1,0,0,0,Ara+3_REL10953
ECB_02816,ECB_02816,1,0,0,0,0,0,0,0,0,0,0,0,Ara+3_REL10953
ECB_04268,slt,1,0,0,0,0,0,0,0,0,0,0,0,Ara+3_REL10953
ECB_04140,insG,0,0,0,0,0,0,0,0,1,0,0,0,Ara+3_REL10953
ECB_02497,rimM,0,0,0,1,0,0,0,0,0,0,0,0,Ara+3_REL10953
ECB_03666,rffG,1,0,0,0,0,0,0,0,0,0,0,0,Ara+3_REL10953
ECB_02495,rplS,0,0,0,1,0,0,0,0,0,0,0,0,Ara+3_REL10953
ECB_02240,folC,0,0,0,0,0,0,0,0,0,0,0,1,Ara+3_REL10953
ECB_02369,nlpB,0,0,0,1,0,0,0,0,0,0,0,0,Ara+3_REL10953
ECB_02712,ssnA,1,0,0,0,0,0,0,0,0,0,0,0,Ara+3_REL10953
ECB_01854,cheB,0,0,0,0,0,0,0,0,0,0,0,1,Ara+3_REL10953
ECB_02399,guaA,1,0,0,0,0,0,0,0,0,0,0,0,Ara+3_REL10953
ECB_02391,purM,0,0,0,0,0,0,0,0,1,0,0,0,Ara+3_REL10953
ECB_00160,degP,0,0,0,1,0,0,0,0,0,0,0,0,Ara+3_REL10953
ECB_02629,relA,0,0,0,1,0,0,0,0,0,0,0,1,Ara+3_REL10953
ECB_02781,yggS,0,0,0,0,0,0,0,0,1,0,0,0,Ara+3_REL10953
ECB_01645,pykF,0,0,0,1,0,0,0,0,0,0,0,0,Ara+3_REL10953
ECB_00580,citT,0,0,0,0,0,0,0,0,1,0,0,0,Ara+3_REL10953
ECB_00262,ykgE,0,0,0,0,0,0,0,0,0,0,0,1,Ara+3_REL10953
ECB_00260,ykgC,0,0,0,0,0,0,0,0,1,0,0,0,Ara+3_REL10953
ECB_00267,betA,0,0,0,1,0,0,0,0,0,0,0,0,Ara+3_REL10953
ECB_02565,ascF,1,0,0,0,0,0,0,0,1,0,0,0,Ara+3_REL10953
ECB_02403,yfgK,0,0,0,0,0,0,0,0,0,0,0,1,Ara+3_REL10953
ECB_02406,hisS,0,0,0,1,0,0,0,0,0,0,0,0,Ara+3_REL10953
ECB_01366,ynbD,0,0,0,1,0,0,0,0,0,0,0,0,Ara+3_REL10953
ECB_00609,holA,0,0,0,1,0,0,0,0,0,0,0,0,Ara+3_REL10953
ECB_00767,ybiB,0,0,0,0,0,0,0,0,0,0,0,1,Ara+3_REL10953
ECB_00768,ybiC,0,0,0,1,0,0,0,0,0,0,0,0,Ara+3_REL10953
ECB_01142,ymgC,1,0,0,0,0,0,0,0,0,0,0,0,Ara+3_REL10953
ECB_01806,yebU,1,0,0,0,0,0,0,0,0,0,0,0,Ara+3_REL10953
ECB_00789,ybiV,0,0,0,1,0,0,0,0,0,0,0,0,Ara+3_REL10953
ECB_03365,gadA,0,0,0,0,0,0,0,0,0,0,0,1,Ara+3_REL10953
ECB_00864,ybjF,1,0,0,0,0,0,0,0,0,0,0,0,Ara+3_REL10953
ECB_03363,yhiW,0,0,0,1,0,0,0,0,0,0,0,0,Ara+3_REL10953
ECB_00869,artP,1,0,0,0,0,0,0,0,0,0,0,0,Ara+3_REL10953
ECB_03321,dcrB,1,0,0,0,0,0,0,0,0,0,0,0,Ara+3_REL10953
ECB_00468,fdrA,0,0,0,0,0,0,0,0,0,0,0,1,Ara+3_REL10953
ECB_03913,plsB,1,0,0,0,0,0,0,0,1,0,0,0,Ara+3_REL10953
ECB_01565,ynfM,1,0,0,0,0,0,0,0,0,0,0,0,Ara+3_REL10953
ECB_00463,ybbY,0,0,0,1,0,0,0,0,0,0,0,0,Ara+3_REL10953
ECB_02065,yohC,0,0,0,0,0,0,0,0,1,0,0,0,Ara+3_REL10953
ECB_01735,sppA,1,0,0,0,0,0,0,0,0,0,0,0,Ara+3_REL10953
ECB_02994,sohA,0,0,0,0,0,0,0,0,0,0,0,1,Ara+3_REL10953
ECB_04107,treC,0,0,0,0,0,0,0,0,1,0,0,0,Ara+3_REL10953
ECB_02991,garL,0,0,0,0,0,0,0,0,0,0,0,1,Ara+3_REL10953
ECB_01931,gnd,0,0,0,0,0,0,0,0,0,0,0,1,Ara+3_REL10953
ECB_01895,yeeN,0,0,0,0,0,0,0,0,1,0,0,0,Ara+3_REL10953
ECB_01891,yeeJ,0,0,0,1,0,0,0,0,0,0,0,1,Ara+3_REL10953
ECB_01784,sdaA,0,0,0,0,0,0,0,0,1,0,0,0,Ara+3_REL10953
ECB_02056,yehV,1,0,0,0,0,0,0,0,0,0,0,0,Ara-3_REL10979
ECB_02052,yehR,0,0,0,0,0,0,0,0,1,0,0,0,Ara-3_REL10979
ECB_03346,yhiQ,0,0,0,0,0,0,0,0,0,0,0,1,Ara-3_REL10979
ECB_02058,yehW,0,0,0,1,0,0,0,0,0,0,0,0,Ara-3_REL10979
ECB_03029,deaD,1,0,0,0,0,0,0,0,0,0,0,0,Ara-3_REL10979
ECB_02923,glnE,0,0,0,0,0,0,0,0,0,0,0,1,Ara-3_REL10979
ECB_03580,yidA,0,0,0,0,0,0,0,0,0,0,0,1,Ara-3_REL10979
ECB_03822,ECB_03822,0,0,0,0,1,0,0,0,0,0,0,0,Ara-3_REL10979
ECB_00558,ybdA,0,0,0,1,0,0,0,0,0,0,0,0,Ara-3_REL10979
ECB_02665,amiC,0,0,0,0,0,0,0,0,0,0,0,1,Ara-3_REL10979
ECB_02109,yejE,0,0,0,0,0,0,0,0,1,0,0,0,Ara-3_REL10979
ECB_03614,glmU,0,0,0,0,0,0,0,0,0,0,0,1,Ara-3_REL10979
ECB_01030,ycdW,0,0,0,1,0,0,0,0,0,0,0,0,Ara-3_REL10979
ECB_00890,cydC,0,0,0,0,0,0,0,0,1,0,0,0,Ara-3_REL10979
ECB_01032,ycdY,0,0,0,0,0,0,0,0,0,0,0,1,Ara-3_REL10979
ECB_01033,ycdZ,0,0,0,0,0,0,0,0,0,1,0,0,Ara-3_REL10979
ECB_03133,yrdC,0,0,0,0,0,0,0,0,0,0,0,1,Ara-3_REL10979
ECB_00187,rof,0,0,0,0,0,0,0,0,0,0,0,1,Ara-3_REL10979
ECB_04042,hflC,0,0,0,0,0,0,0,0,0,0,0,1,Ara-3_REL10979
ECB_04041,hflK,0,0,0,0,0,0,0,0,0,0,0,1,Ara-3_REL10979
ECB_00939,ssuD,1,0,0,0,0,0,0,0,0,0,0,0,Ara-3_REL10979
ECB_04169,sgcC,0,0,0,0,0,0,0,0,1,0,0,0,Ara-3_REL10979
ECB_01200,narX,0,0,0,1,0,0,0,0,0,0,0,0,Ara-3_REL10979
ECB_01432,fdnG,0,0,0,0,0,0,0,0,0,0,0,1,Ara-3_REL10979
ECB_03536,insI,1,0,0,0,0,0,0,0,0,0,0,0,Ara-3_REL10979
ECB_04072,ECB_04072,0,0,0,1,0,0,0,0,0,0,0,0,Ara-3_REL10979
ECB_01660,ydiN,0,0,0,0,0,0,0,0,0,0,0,1,Ara-3_REL10979
ECB_02531,nrdE,0,0,0,0,0,0,0,0,1,0,0,0,Ara-3_REL10979
ECB_02123,ccmF,0,0,0,0,0,0,0,0,0,0,0,1,Ara-3_REL10979
ECB_00104,guaC,0,0,0,0,0,0,0,0,1,0,0,0,Ara-3_REL10979
ECB_01357,feaB,0,0,0,1,0,0,0,0,0,0,0,0,Ara-3_REL10979
ECB_02943,ygjH,0,0,0,1,0,0,0,0,0,0,0,0,Ara-3_REL10979
ECB_01443,yddQ,0,0,0,0,0,0,0,0,1,0,0,0,Ara-3_REL10979
ECB_00447,ybbP,0,0,0,1,0,0,0,0,0,0,0,0,Ara-3_REL10979
ECB_03650,ilvA,0,0,0,0,0,0,0,0,0,0,0,1,Ara-3_REL10979
ECB_02145,rcsC,0,0,0,0,0,0,0,0,0,0,0,1,Ara-3_REL10979
ECB_00616,hscC,1,0,0,0,0,0,0,0,0,0,0,0,Ara-3_REL10979
ECB_02257,yfcO,0,0,0,0,0,0,0,0,1,0,0,0,Ara-3_REL10979
ECB_03255,pckA,1,0,0,0,0,0,0,0,0,0,0,0,Ara-3_REL10979
ECB_03317,yhhN,1,0,0,0,0,0,0,0,0,0,0,0,Ara-3_REL10979
ECB_00693,cydB,0,0,0,0,0,0,0,0,0,0,0,1,Ara-3_REL10979
ECB_00500,rus,0,0,0,0,0,0,0,0,0,0,0,1,Ara-3_REL10979
ECB_02229,yfcH,1,0,0,0,0,0,0,0,0,0,0,0,Ara-3_REL10979
ECB_03728,ubiB,0,0,0,0,0,0,0,0,1,0,0,0,Ara-3_REL10979
ECB_02953,ygjO,1,0,0,0,0,0,0,0,0,0,0,0,Ara-3_REL10979
ECB_02226,yfcF,0,0,0,0,0,0,0,0,0,0,0,1,Ara-3_REL10979
ECB_03892,yjbB,1,0,0,0,0,0,0,0,0,0,0,0,Ara-3_REL10979
ECB_00279,yahJ,0,0,0,0,0,0,0,0,0,0,0,1,Ara-3_REL10979
ECB_02157,gyrA,0,0,0,0,0,0,0,0,1,0,0,0,Ara-3_REL10979
ECB_02154,yfaS,1,0,0,0,0,0,0,0,0,0,0,0,Ara-3_REL10979
ECB_01009,ycdG,1,0,0,0,0,0,0,0,0,0,0,0,Ara-3_REL10979
ECB_02412,yfhM,0,0,0,0,0,0,0,0,0,0,0,1,Ara-3_REL10979
ECB_01279,goaG,0,0,0,0,0,0,0,0,0,0,0,1,Ara-3_REL10979
ECB_00165,glnD,1,0,0,0,0,0,0,0,0,0,0,0,Ara-3_REL10979
ECB_04097,ytfR,0,0,0,1,0,0,0,0,0,0,0,0,Ara-3_REL10979
ECB_00513,ECB_00513,0,0,0,1,0,0,0,0,0,0,0,0,Ara-3_REL10979
ECB_02024,gatY,0,0,0,0,0,0,0,0,1,0,0,0,Ara-3_REL10979
ECB_02962,exuT,0,0,0,0,0,0,0,0,1,0,0,0,Ara-3_REL10979
ECB_01014,ycdL,0,0,0,1,0,0,0,0,0,0,0,0,Ara-3_REL10979
ECB_03565,glvG,0,0,0,0,0,0,0,0,0,0,0,1,Ara-3_REL10979
ECB_02160,nrdA,1,0,0,0,0,0,0,0,0,0,0,0,Ara-3_REL10979
ECB_01711,ydjR,0,0,0,0,0,0,0,0,0,0,0,1,Ara-3_REL10979
ECB_01872,yecR,0,0,0,0,0,0,0,0,1,0,0,0,Ara-3_REL10979
ECB_02168,glpB,0,0,0,0,0,0,0,0,0,0,0,1,Ara-3_REL10979
ECB_01484,yneK,0,0,0,0,0,0,0,0,1,0,0,0,Ara-3_REL10979
ECB_00705,ybgR,0,0,0,0,0,0,0,0,1,0,0,0,Ara-3_REL10979
ECB_00707,aroG,0,0,0,0,0,0,0,0,0,0,0,1,Ara-3_REL10979
ECB_00092,murC,0,0,0,0,0,0,0,0,0,0,0,1,Ara-3_REL10979
ECB_01388,ydcL,0,0,0,0,0,0,0,0,0,0,0,1,Ara-3_REL10979
ECB_02475,yfiF,0,0,0,0,0,0,0,0,0,0,0,1,Ara-3_REL10979
ECB_03042,folP,0,0,0,0,0,0,0,0,1,0,0,0,Ara-3_REL10979
ECB_02983,tdcC,0,0,0,0,0,0,0,0,1,0,0,0,Ara-3_REL10979
ECB_01495,ydeI,0,0,0,0,0,0,0,0,0,0,0,1,Ara-3_REL10979
ECB_00142,pcnB,0,0,0,0,0,0,0,0,1,0,0,0,Ara-3_REL10979
ECB_01257,yciM,0,0,0,1,0,0,0,0,0,0,0,0,Ara-3_REL10979
ECB_01311,fnr,0,0,0,0,0,0,0,0,1,0,0,0,Ara-3_REL10979
ECB_00833,ECB_00833,1,0,0,0,0,0,0,0,0,0,0,0,Ara-3_REL10979
ECB_04038,miaA,0,0,0,1,0,0,0,0,0,0,0,0,Ara-3_REL10979
ECB_04028,yjeM,0,0,0,0,0,0,0,0,0,0,1,0,Ara-3_REL10979
ECB_01131,trmU,0,0,0,0,0,0,0,0,0,0,0,1,Ara-3_REL10979
ECB_03509,recG,0,0,0,1,0,0,0,0,0,0,0,0,Ara-3_REL10979
ECB_03191,fusA,0,0,0,0,0,0,0,0,1,0,0,0,Ara-3_REL10979
ECB_02379,hyfG,0,0,0,0,0,0,0,0,0,0,0,1,Ara-3_REL10979
ECB_01789,manZ,1,0,0,0,0,0,0,0,0,0,0,0,Ara-3_REL10979
ECB_03608,phoU,0,0,0,0,0,0,0,0,1,0,0,0,Ara-3_REL10979
ECB_00669,ybgH,1,0,0,0,0,0,0,0,0,0,0,0,Ara-3_REL10979
ECB_03604,yieC,0,0,0,0,0,0,0,0,0,0,0,1,Ara-3_REL10979
ECB_02855,ECB_02855,0,0,0,1,0,0,0,0,0,0,0,0,Ara-3_REL10979
ECB_03606,bglF,0,0,0,0,0,0,0,0,0,0,0,1,Ara-3_REL10979
ECB_00273,yahC,1,0,0,0,0,0,0,0,0,0,0,0,Ara-5_REL10947
ECB_01954,cpsG,0,0,0,0,0,0,0,0,1,0,0,0,Ara-5_REL10947
ECB_02901,ygiN,0,0,0,0,0,0,0,1,0,0,0,0,Ara-5_REL10947
ECB_00110,ampE,0,0,0,0,0,0,0,1,0,0,0,0,Ara+5_REL10982
ECB_00184,ldcC,0,0,0,0,0,0,0,0,1,0,0,0,Ara+5_REL10982
ECB_01236,trpC,0,0,0,0,0,0,0,0,0,0,0,1,Ara+5_REL10982
ECB_02133,napA,0,0,0,0,0,0,0,0,0,0,0,1,Ara+5_REL10982
ECB_03432,lyxK,0,0,0,0,0,0,1,0,0,0,0,0,Ara+6_REL10985
ECB_03103,yhcS,0,1,0,0,0,0,0,0,0,0,0,0,Ara+6_REL10985
ECB_02459,recO,0,0,0,0,0,0,1,0,0,0,0,0,Ara+6_REL10985
ECB_02612,ygcO,0,0,0,0,0,0,1,0,0,0,0,0,Ara+6_REL10985
ECB_00231,prfH,0,0,0,0,0,1,0,0,0,0,0,0,Ara+6_REL10985
ECB_00230,ykfJ,0,0,0,0,0,1,0,0,0,0,0,0,Ara+6_REL10985
ECB_01537,ydfX,0,0,0,0,0,0,1,0,0,0,0,0,Ara+6_REL10985
ECB_01121,potD,0,0,0,0,0,1,0,0,0,0,0,0,Ara+6_REL10985
ECB_00437,ybaT,0,0,0,0,0,0,1,0,0,0,0,0,Ara+6_REL10985
ECB_02618,ygcW,0,0,0,0,0,1,0,0,0,0,0,0,Ara+6_REL10985
ECB_01943,wzx,0,0,0,0,0,0,1,0,0,0,0,0,Ara+6_REL10985
ECB_01044,mdoC,0,0,0,0,0,0,1,0,0,0,0,0,Ara+6_REL10985
ECB_01046,mdoH,0,0,0,0,0,0,1,0,0,0,0,0,Ara+6_REL10985
ECB_02751,ygfH,0,0,0,0,0,0,1,0,0,0,0,0,Ara+6_REL10985
ECB_02366,ypfI,0,0,0,0,0,1,0,0,0,0,0,0,Ara+6_REL10985
ECB_04119,yjgL,0,0,0,0,0,0,1,0,0,0,0,0,Ara+6_REL10985
ECB_00801,yliF,0,0,0,0,0,0,1,0,0,0,0,0,Ara+6_REL10985
ECB_02512,ECB_02512,0,0,0,0,0,0,1,0,0,0,0,0,Ara+6_REL10985
ECB_02596,ispF,0,0,0,0,0,1,0,0,0,0,0,0,Ara+6_REL10985
ECB_02496,trmD,0,0,0,0,0,0,1,0,0,0,0,0,Ara+6_REL10985
ECB_03184,gspL,0,0,0,0,0,1,0,0,0,0,0,0,Ara+6_REL10985
ECB_01534,ECB_01534,0,0,0,0,0,1,0,0,0,0,0,0,Ara+6_REL10985
ECB_03762,yihP,0,0,0,0,0,1,0,0,0,0,0,0,Ara+6_REL10985
ECB_04247,holD,0,0,0,0,0,0,1,0,0,0,0,0,Ara+6_REL10985
ECB_01726,ynjE,0,0,0,0,0,0,1,0,0,0,0,0,Ara+6_REL10985
ECB_02922,rfaE,0,0,0,0,0,0,1,0,0,0,0,0,Ara+6_REL10985
ECB_04215,hsdM,0,0,0,0,0,1,0,0,0,0,0,0,Ara+6_REL10985
ECB_02153,yfaQ,0,0,0,0,0,0,1,0,0,0,0,0,Ara+6_REL10985
ECB_03583,recF,0,0,0,0,0,0,1,0,0,0,0,0,Ara+6_REL10985
ECB_00558,ybdA,0,0,0,0,0,0,2,0,0,0,0,0,Ara+6_REL10985
ECB_00652,kdpD,0,0,0,0,0,1,0,0,0,0,0,0,Ara+6_REL10985
ECB_02667,recD,0,0,0,0,0,1,0,0,0,0,0,0,Ara+6_REL10985
ECB_00486,intD,0,0,0,0,0,1,0,0,0,0,0,0,Ara+6_REL10985
ECB_00127,yadH,0,0,0,0,0,0,1,0,0,0,0,0,Ara+6_REL10985
ECB_00126,yadG,0,0,0,0,0,0,1,0,0,0,0,0,Ara+6_REL10985
ECB_00128,yadI,0,0,0,0,0,0,1,0,0,0,0,0,Ara+6_REL10985
ECB_00321,yaiT,0,0,0,0,0,0,2,0,0,0,0,0,Ara+6_REL10985
ECB_00554,fepE,0,0,0,0,0,0,1,0,0,0,0,0,Ara+6_REL10985
ECB_01620,nemA,0,0,0,0,0,1,0,0,0,0,0,0,Ara+6_REL10985
ECB_00893,lrp,0,0,0,0,0,0,1,0,0,0,0,0,Ara+6_REL10985
ECB_03738,pepQ,0,0,0,0,0,0,1,0,0,0,0,0,Ara+6_REL10985
ECB_01292,ycjS,0,0,0,0,0,0,0,0,0,0,1,0,Ara+6_REL10985
ECB_02203,nuoL,0,0,0,0,0,1,1,0,0,0,0,0,Ara+6_REL10985
ECB_00635,nagB,0,0,0,0,0,0,1,0,0,0,0,0,Ara+6_REL10985
ECB_01938,wzy,0,0,0,0,0,0,1,0,0,0,0,0,Ara+6_REL10985
ECB_02246,flk,0,0,0,0,0,0,1,0,0,0,0,0,Ara+6_REL10985
ECB_01050,htrB,0,0,0,0,0,0,1,0,0,0,0,0,Ara+6_REL10985
ECB_03719,ECB_03719,0,0,0,0,0,0,2,0,0,0,0,0,Ara+6_REL10985
ECB_00182,dnaE,0,0,0,0,0,1,0,0,0,0,0,0,Ara+6_REL10985
ECB_00228,yafO,0,0,0,0,0,0,1,0,0,0,0,0,Ara+6_REL10985
ECB_03138,fmt,0,0,0,0,0,0,1,0,0,0,0,0,Ara+6_REL10985
ECB_03924,dnaB,0,0,0,0,0,1,0,0,0,0,0,0,Ara+6_REL10985
ECB_04255,yjjW,0,0,0,0,0,0,1,0,0,0,0,0,Ara+6_REL10985
ECB_01327,recE,0,0,0,0,0,1,0,0,0,0,0,0,Ara+6_REL10985
ECB_02524,ygaP,0,0,0,0,0,1,0,0,0,0,0,0,Ara+6_REL10985
ECB_02687,lysR,0,0,0,0,0,0,1,0,0,0,0,0,Ara+6_REL10985
ECB_02521,ygaU,0,0,0,0,0,1,0,0,0,0,0,0,Ara+6_REL10985
ECB_00935,pncB,0,0,0,0,0,0,1,0,0,0,0,0,Ara+6_REL10985
ECB_01110,mfd,0,0,0,0,0,1,0,0,0,0,0,0,Ara+6_REL10985
ECB_01322,intR,0,0,0,0,0,1,0,0,0,0,0,0,Ara+6_REL10985
ECB_00038,caiF,0,0,0,0,0,1,0,0,0,0,0,0,Ara+6_REL10985
ECB_04166,sgcE,0,0,0,0,0,0,1,0,0,0,0,0,Ara+6_REL10985
ECB_04258,deoA,0,0,0,0,0,0,1,0,0,0,0,0,Ara+6_REL10985
ECB_00136,yadL,0,0,0,0,0,0,1,0,0,0,0,0,Ara+6_REL10985
ECB_02118,yejM,0,0,0,0,0,0,1,0,0,0,0,0,Ara+6_REL10985
ECB_00525,yhhI,0,1,0,0,0,0,0,0,0,0,0,0,Ara+6_REL10985
ECB_01637,ydhS,0,0,0,0,0,1,0,0,0,0,0,0,Ara+6_REL10985
ECB_00138,htrE,0,0,0,0,0,1,0,0,0,0,0,0,Ara+6_REL10985
ECB_04275,creC,0,0,0,0,0,1,0,0,0,0,0,0,Ara+6_REL10985
ECB_00648,potE,0,0,0,0,0,0,1,0,0,0,0,0,Ara+6_REL10985
ECB_00649,speF,0,0,0,0,0,0,1,0,0,0,0,0,Ara+6_REL10985
ECB_00522,nfrA,0,0,0,0,0,1,0,0,0,0,0,0,Ara+6_REL10985
ECB_00987,ymcA,0,0,0,0,0,1,0,0,0,0,0,0,Ara+6_REL10985
ECB_02581,fhlA,0,0,0,0,0,1,0,0,0,0,0,0,Ara+6_REL10985
ECB_00457,gcl,0,0,0,0,0,0,1,0,0,0,0,0,Ara+6_REL10985
ECB_02285,yfdX,0,0,0,0,0,0,1,0,0,0,0,0,Ara+6_REL10985
ECB_02633,gudX,0,0,0,0,0,0,1,0,0,0,0,0,Ara+6_REL10985
ECB_04076,ECB_04076,0,0,0,0,0,1,0,0,0,0,0,0,Ara+6_REL10985
ECB_00624,ECB_00624,0,0,0,0,0,1,1,0,0,0,0,0,Ara+6_REL10985
ECB_03507,spoT,0,0,0,0,0,1,0,0,0,0,0,0,Ara+6_REL10985
ECB_00459,glxR,0,0,0,0,0,0,1,0,0,0,0,0,Ara+6_REL10985
ECB_00586,citC,0,0,0,0,0,0,1,0,0,0,0,0,Ara+6_REL10985
ECB_01384,rimL,0,0,0,0,0,0,1,0,0,0,0,0,Ara+6_REL10985
ECB_01749,yeaD,0,0,0,0,0,0,1,0,0,0,0,0,Ara+6_REL10985
ECB_01843,torZ,0,0,0,0,0,0,1,0,0,0,0,0,Ara+6_REL10985
ECB_03183,gspK,0,0,0,0,0,1,0,0,0,0,0,0,Ara+6_REL10985
ECB_00906,pflA,0,0,0,0,0,0,1,0,0,0,0,0,Ara+6_REL10985
ECB_02851,ECB_02851,0,0,0,0,0,1,0,0,0,0,0,0,Ara+6_REL10985
ECB_00959,ycbZ,0,0,0,0,0,0,1,0,0,0,0,0,Ara+6_REL10985
ECB_01218,oppB,0,0,0,0,0,0,1,0,0,0,0,0,Ara+6_REL10985
ECB_04265,sms,0,0,0,0,0,1,0,0,0,0,0,0,Ara+6_REL10985
ECB_03117,prmA,0,0,0,0,0,1,0,0,0,0,0,0,Ara+6_REL10985
ECB_01211,hnr,0,0,0,0,0,1,0,0,0,0,0,0,Ara+6_REL10985
ECB_02703,ygeW,0,0,0,0,0,0,0,0,0,0,0,1,Ara+6_REL10985
ECB_03255,pckA,0,0,0,0,0,0,1,0,0,0,0,0,Ara+6_REL10985
ECB_01600,rnfD,0,0,0,0,0,1,0,0,0,0,0,0,Ara+6_REL10985
ECB_03630,yieN,0,0,0,0,0,1,0,0,0,0,0,0,Ara+6_REL10985
ECB_03482,waaY,0,0,0,0,0,1,0,0,0,0,0,0,Ara+6_REL10985
ECB_01605,gst,0,0,0,0,0,0,1,0,0,0,0,0,Ara+6_REL10985
ECB_00536,cusA,0,0,0,0,0,0,1,0,0,0,0,0,Ara+6_REL10985
ECB_01444,yddR,0,0,0,0,0,1,0,0,0,0,0,0,Ara+6_REL10985
ECB_00733,ECB_00733,0,0,0,0,0,0,1,0,0,0,0,0,Ara+6_REL10985
ECB_02044,metG,0,0,0,0,0,0,1,0,0,0,0,0,Ara+6_REL10985
ECB_03423,malS,0,0,0,0,0,1,0,0,0,0,0,0,Ara+6_REL10985
ECB_02046,yehI,0,0,0,0,0,0,1,0,0,0,0,0,Ara+6_REL10985
ECB_00108,nadC,0,0,0,0,0,1,0,0,0,0,0,0,Ara+6_REL10985
ECB_03397,yhjX,0,0,0,0,0,0,1,0,0,0,0,0,Ara+6_REL10985
ECB_03220,yhfL,0,0,0,0,0,0,1,0,0,0,0,0,Ara+6_REL10985
ECB_03460,ECB_03460,0,0,0,0,0,3,1,0,0,0,0,0,Ara+6_REL10985
ECB_00594,ccrB,0,0,0,0,0,1,0,0,0,0,0,0,Ara+6_REL10985
ECB_03703,rhtB,0,0,0,0,0,0,1,0,0,0,0,0,Ara+6_REL10985
ECB_00591,dcuC,0,0,0,0,0,1,0,0,0,0,0,0,Ara+6_REL10985
ECB_01177,ycgV,0,0,0,0,0,1,0,0,0,0,0,0,Ara+6_REL10985
ECB_00912,aroA,0,0,0,0,0,0,1,0,0,0,0,0,Ara+6_REL10985
ECB_01851,flhB,0,0,0,0,0,0,1,0,0,0,0,0,Ara+6_REL10985
ECB_00915,rpsA,0,0,0,0,0,0,1,0,0,0,0,0,Ara+6_REL10985
ECB_01586,uidA,0,0,0,0,0,1,0,0,0,0,0,0,Ara+6_REL10985
ECB_00917,ycaI,0,0,0,0,0,1,0,0,0,0,0,0,Ara+6_REL10985
ECB_01588,hdhA,0,0,0,0,0,1,0,0,0,0,0,0,Ara+6_REL10985
ECB_03814,menG,0,0,0,0,0,1,0,0,0,0,0,0,Ara+6_REL10985
ECB_01634,norM,0,0,0,0,0,0,1,0,0,0,0,0,Ara+6_REL10985
ECB_00691,ybgG,0,0,0,0,0,1,0,0,0,0,0,0,Ara+6_REL10985
ECB_00281,yahL,0,0,0,0,0,1,0,0,0,0,0,0,Ara+6_REL10985
ECB_01184,lolB,0,0,0,0,0,0,1,0,0,0,0,0,Ara+6_REL10985
ECB_00470,ylbF,0,0,0,0,0,0,1,0,0,0,0,0,Ara+6_REL10985
ECB_04149,yis2,0,0,0,0,0,1,0,0,0,0,0,0,Ara+6_REL10985
ECB_01264,yciW,0,0,0,0,0,0,1,0,0,0,0,0,Ara+6_REL10985
ECB_00113,aceE,0,0,0,0,0,0,1,0,0,0,0,0,Ara+6_REL10985
ECB_03652,ilvC,0,0,0,0,0,0,1,0,0,0,0,0,Ara+6_REL10985
ECB_02547,alaS,0,0,0,0,0,0,2,0,0,0,0,0,Ara+6_REL10985
ECB_04268,slt,0,0,0,0,0,1,0,0,0,0,0,0,Ara+6_REL10985
ECB_00117,acnB,0,1,0,0,0,0,0,0,0,0,0,0,Ara+6_REL10985
ECB_01616,sodC,0,0,0,0,0,1,0,0,0,0,0,0,Ara+6_REL10985
ECB_01341,ECB_01341,0,0,0,0,0,0,1,0,0,0,0,0,Ara+6_REL10985
ECB_02383,hyfR,0,0,0,0,0,0,1,0,0,0,0,0,Ara+6_REL10985
ECB_03086,nanR,0,0,0,0,0,0,1,0,0,0,0,0,Ara+6_REL10985
ECB_00057,surA,0,0,0,0,0,1,0,0,0,0,0,0,Ara+6_REL10985
ECB_02648,ECB_02648,0,0,0,0,0,1,0,0,0,0,0,0,Ara+6_REL10985
ECB_00333,proC,0,0,0,0,0,1,0,0,0,0,0,0,Ara+6_REL10985
ECB_03124,acrF,0,0,0,0,0,0,1,0,0,0,0,0,Ara+6_REL10985
ECB_00216,fadE,0,0,0,0,0,0,1,0,0,0,0,0,Ara+6_REL10985
ECB_02389,uraA,0,0,0,0,0,0,1,0,0,0,0,0,Ara+6_REL10985
ECB_02032,thiM,0,0,0,0,0,1,0,0,0,0,0,0,Ara+6_REL10985
ECB_01673,aroH,0,0,0,0,0,1,0,0,0,0,0,0,Ara+6_REL10985
ECB_01671,ppsA,0,0,0,0,0,1,0,0,0,0,0,0,Ara+6_REL10985
ECB_01000,torA,0,0,0,0,0,0,1,0,0,0,0,0,Ara+6_REL10985
ECB_03640,yieO,0,0,0,0,0,1,0,0,0,0,0,0,Ara+6_REL10985
ECB_04050,yjfK,0,0,0,0,0,0,1,0,0,0,0,0,Ara+6_REL10985
ECB_02159,yfaL,0,0,0,0,0,0,1,0,0,0,0,0,Ara+6_REL10985
ECB_01166,ycgO,0,0,0,0,0,1,0,0,0,0,0,0,Ara+6_REL10985
ECB_00949,pyrD,0,0,0,0,0,1,0,0,0,0,0,0,Ara+6_REL10985
ECB_03265,yhgH,0,0,0,0,0,1,0,0,0,0,0,0,Ara+6_REL10985
ECB_03909,malM,0,0,0,0,0,0,1,0,0,0,0,0,Ara+6_REL10985
ECB_01867,araH,0,0,0,0,0,0,1,0,0,0,0,0,Ara+6_REL10985
ECB_04182,fimE,0,0,0,0,0,1,0,0,0,0,0,0,Ara+6_REL10985
ECB_04014,yjeI,0,0,0,0,0,0,1,0,0,0,0,0,Ara+6_REL10985
ECB_01861,motA,0,0,0,0,0,1,0,0,0,0,0,0,Ara+6_REL10985
ECB_02418,hscA,0,0,0,0,0,0,1,0,0,0,0,0,Ara+6_REL10985
ECB_02416,yfhJ,0,0,0,0,0,0,1,0,0,0,0,0,Ara+6_REL10985
ECB_04250,prfC,0,0,0,0,0,0,1,0,0,0,0,0,Ara+6_REL10985
ECB_03498,slmA,0,0,0,0,0,1,0,0,0,0,0,0,Ara+6_REL10985
ECB_02411,pbpC,0,0,0,0,0,1,0,0,0,0,0,0,Ara+6_REL10985
ECB_00845,ECB_00845,0,0,0,0,0,0,1,0,0,0,0,0,Ara+6_REL10985
ECB_01854,cheB,0,0,0,0,0,1,0,0,0,0,0,0,Ara+6_REL10985
ECB_00168,tsf,0,0,0,0,0,0,1,0,0,0,0,0,Ara+6_REL10985
ECB_03971,phnI,0,0,0,0,0,1,0,0,0,0,0,0,Ara+6_REL10985
ECB_04092,ytfN,0,0,0,0,0,0,1,0,0,0,0,0,Ara+6_REL10985
ECB_00288,prpD,0,0,0,0,0,0,1,0,0,0,0,0,Ara+6_REL10985
ECB_00289,prpE,0,0,0,0,0,0,1,0,0,0,0,0,Ara+6_REL10985
ECB_03096,mdh,0,0,0,0,0,0,1,0,0,0,0,0,Ara+6_REL10985
ECB_03717,ysgA,0,0,0,0,0,1,0,0,0,0,0,0,Ara+6_REL10985
ECB_00410,maa,0,0,0,0,0,1,0,0,0,0,0,0,Ara+6_REL10985
ECB_01629,purR,1,0,0,0,0,0,0,0,0,0,0,0,Ara+6_REL10985
ECB_02622,ygcF,0,0,0,0,0,1,0,0,0,0,0,0,Ara+6_REL10985
ECB_02425,suhB,1,0,0,0,0,0,1,0,0,0,0,0,Ara+6_REL10985
ECB_03151,prlA,0,0,0,0,0,0,1,0,0,0,0,0,Ara+6_REL10985
ECB_00573,dsbG,0,0,0,0,0,1,0,0,0,0,0,0,Ara+6_REL10985
ECB_02569,hycG,0,0,0,0,0,1,0,0,0,0,0,0,Ara+6_REL10985
ECB_02163,inaA,0,0,0,0,0,1,0,0,0,0,0,0,Ara+6_REL10985
ECB_01234,trpA,0,0,0,0,0,1,0,0,0,0,0,0,Ara+6_REL10985
ECB_02160,nrdA,0,0,0,0,0,0,1,0,0,0,0,0,Ara+6_REL10985
ECB_01409,yncE,0,0,0,0,0,0,1,0,0,0,0,0,Ara+6_REL10985
ECB_02275,dsdX,0,0,0,0,0,1,0,0,0,0,1,0,Ara+6_REL10985
ECB_03277,glpD,0,0,0,0,0,0,1,0,0,0,0,0,Ara+6_REL10985
ECB_03270,malT,0,0,0,0,0,1,0,0,0,0,0,0,Ara+6_REL10985
ECB_02081,yeiB,0,0,0,0,0,0,1,0,0,0,0,0,Ara+6_REL10985
ECB_01717,astC,0,0,0,0,0,0,1,0,0,0,0,0,Ara+6_REL10985
ECB_01019,ycdN,0,0,0,0,0,0,1,0,0,0,0,0,Ara+6_REL10985
ECB_03819,cytR,0,0,0,0,0,1,0,0,0,0,0,0,Ara+6_REL10985
ECB_02818,ECB_02818,0,0,0,0,0,1,0,0,0,0,0,0,Ara+6_REL10985
ECB_00894,ftsK,0,0,0,0,0,0,1,0,0,0,0,0,Ara+6_REL10985
ECB_04244,fhuF,0,0,0,0,0,1,0,0,0,0,0,0,Ara+6_REL10985
ECB_03863,rpoB,0,0,0,0,0,0,1,0,0,0,0,0,Ara+6_REL10985
ECB_01485,sotB,0,0,0,0,0,0,2,0,0,0,0,0,Ara+6_REL10985
ECB_01484,yneK,0,0,0,0,0,0,1,0,0,0,0,0,Ara+6_REL10985
ECB_03956,alsK,0,0,0,0,0,1,0,0,0,0,0,0,Ara+6_REL10985
ECB_04124,valS,0,0,0,0,0,0,1,0,0,0,0,0,Ara+6_REL10985
ECB_04126,pepA,0,0,0,0,0,1,0,0,0,0,0,0,Ara+6_REL10985
ECB_03175,gspC,0,0,0,0,0,2,0,0,0,0,0,0,Ara+6_REL10985
ECB_01362,ydbD,0,0,0,0,0,1,0,0,0,0,0,0,Ara+6_REL10985
ECB_00175,yaeT,0,0,0,0,0,0,1,0,0,0,0,0,Ara+6_REL10985
ECB_01365,ynbC,0,0,0,0,0,0,1,0,0,0,0,0,Ara+6_REL10985
ECB_00171,ispC,0,0,0,0,0,1,0,0,0,0,0,0,Ara+6_REL10985
ECB_02217,yfbS,0,0,0,0,0,0,1,0,0,0,0,0,Ara+6_REL10985
ECB_02975,yhaK,0,0,0,0,0,1,0,0,0,0,0,0,Ara+6_REL10985
ECB_00397,ybaE,0,0,0,0,0,0,1,0,0,0,0,0,Ara+6_REL10985
ECB_01574,ydgI,0,0,0,0,0,0,1,0,0,0,0,0,Ara+6_REL10985
ECB_00769,ybiJ,0,0,0,0,0,1,0,0,0,0,0,0,Ara+6_REL10985
ECB_00603,mrdB,0,0,0,0,0,1,0,0,0,0,0,0,Ara+6_REL10985
ECB_00477,ybcI,0,0,0,0,0,1,0,0,0,0,0,0,Ara+6_REL10985
ECB_03281,glgA,0,0,0,0,0,0,1,0,0,0,0,0,Ara+6_REL10985
ECB_03280,glgP,0,0,0,0,0,1,0,0,0,0,0,0,Ara+6_REL10985
ECB_00703,nadA,0,0,0,0,0,0,1,0,0,0,0,0,Ara+6_REL10985
ECB_01385,ydcK,0,0,0,0,0,1,1,0,0,0,0,0,Ara+6_REL10985
ECB_01416,ECB_01416,0,0,0,0,0,1,0,0,0,0,0,0,Ara+6_REL10985
ECB_01400,ydcV,0,0,0,0,0,0,1,0,0,0,0,0,Ara+6_REL10985
ECB_00411,hha,0,0,0,0,0,1,0,0,0,0,0,0,Ara+6_REL10985
ECB_00256,eaeH,0,0,0,0,0,1,0,0,0,0,0,0,Ara+6_REL10985
ECB_00412,ybaJ,0,0,0,0,0,0,1,0,0,0,0,0,Ara+6_REL10985
ECB_01704,celD,0,0,0,0,0,0,1,0,0,0,0,0,Ara+6_REL10985
ECB_02573,hycC,0,0,0,0,0,0,1,0,0,0,0,0,Ara+6_REL10985
ECB_01923,hisC,0,0,0,0,0,1,0,0,0,0,0,0,Ara+6_REL10985
ECB_03364,gadX,0,0,0,0,0,1,0,0,0,0,0,0,Ara+6_REL10985
ECB_02601,cysN,0,0,0,0,0,1,0,0,0,0,0,0,Ara+6_REL10985
ECB_04033,yjeS,0,0,0,0,0,0,1,0,0,0,0,0,Ara+6_REL10985
ECB_03363,yhiW,0,0,0,0,0,1,0,0,0,0,0,0,Ara+6_REL10985
ECB_03203,yheS,0,0,0,0,0,0,1,0,0,0,0,0,Ara+6_REL10985
ECB_02479,pssA,0,0,0,0,0,1,0,0,0,0,0,0,Ara+6_REL10985
ECB_03206,prkB,0,0,0,0,0,0,1,0,0,0,0,0,Ara+6_REL10985
ECB_01884,yedW,0,0,0,0,0,1,0,0,0,0,0,0,Ara+6_REL10985
ECB_03454,mtlA,0,0,0,0,0,0,1,0,0,0,0,0,Ara+6_REL10985
ECB_01314,abgB,0,0,0,0,0,0,1,0,0,0,0,0,Ara+6_REL10985
ECB_04233,yjiZ,0,0,0,0,0,1,0,0,0,0,0,0,Ara+6_REL10985
ECB_00382,cyoB,0,0,0,0,0,1,0,0,0,0,0,0,Ara+6_REL10985
ECB_03678,hemX,0,0,0,0,0,0,1,0,0,0,0,0,Ara+6_REL10985
ECB_02915,ygiL,0,0,0,0,0,0,1,0,0,0,0,0,Ara+6_REL10985
ECB_03176,gspD,0,0,0,0,0,0,1,0,0,0,0,0,Ara+6_REL10985
ECB_01744,ydjK,0,0,0,0,0,1,0,0,0,0,0,0,Ara+6_REL10985
ECB_04038,miaA,0,0,0,0,0,1,0,0,0,0,0,0,Ara+6_REL10985
ECB_03475,kbl,0,0,0,0,0,0,1,0,0,0,0,0,Ara+6_REL10985
ECB_03459,ECB_03459,0,0,0,0,0,1,0,0,0,0,0,0,Ara+6_REL10985
ECB_01868,araG,0,0,0,0,0,0,1,0,0,0,0,0,Ara+6_REL10985
ECB_01426,narZ,0,0,0,0,0,1,0,0,0,0,0,0,Ara+6_REL10985
ECB_01137,ycgE,0,0,0,0,0,1,0,0,0,0,0,0,Ara+6_REL10985
ECB_00243,yagR,0,0,0,0,0,0,1,0,0,0,0,0,Ara+6_REL10985
ECB_02082,folE,0,0,0,0,0,0,1,0,0,0,0,0,Ara+6_REL10985
ECB_00245,yagT,0,0,0,0,0,0,1,0,0,0,0,0,Ara+6_REL10985
ECB_01041,ymdA,0,0,0,0,0,0,1,0,0,0,0,0,Ara+6_REL10985
ECB_03501,yicC,0,0,0,0,0,0,1,0,0,0,0,0,Ara+6_REL10985
ECB_00954,pqiA,0,0,0,0,0,1,0,0,0,0,0,0,Ara+6_REL10985
ECB_03351,arsB,0,0,0,0,0,0,1,0,0,0,0,0,Ara+6_REL10985
ECB_01815,exoX,0,0,0,0,0,0,1,0,0,0,0,0,Ara+6_REL10985
ECB_01733,selD,0,0,0,0,0,1,0,0,0,0,0,0,Ara+6_REL10985
ECB_03356,yhiD,0,0,0,0,0,1,0,0,0,0,0,0,Ara+6_REL10985
ECB_00088,mraY,0,0,0,0,0,0,1,0,0,0,0,0,Ara+6_REL10985
ECB_00089,murD,0,0,0,0,0,0,1,0,0,0,0,0,Ara+6_REL10985
ECB_02343,eutH,0,0,0,0,0,0,1,0,0,0,0,0,Ara+6_REL10985
ECB_00817,ECB_00817,0,0,0,0,0,1,0,0,0,0,0,0,Ara+6_REL10985
ECB_01933,manC,0,0,0,0,0,0,1,0,0,0,0,0,Ara+6_REL10985
ECB_01951,wcaK,0,0,0,0,0,0,1,0,0,0,0,0,Ara+6_REL10985
ECB_03613,glmS,0,0,0,0,0,1,0,0,0,0,0,0,Ara+6_REL10985
ECB_02740,pepP,0,0,0,0,0,0,1,0,0,0,0,0,Ara+6_REL10985
ECB_02583,mutS,0,0,0,0,0,0,1,0,0,0,0,0,Ara+6_REL10985
ECB_03980,yjdA,0,0,0,0,0,0,1,0,0,0,0,0,Ara+6_REL10985
ECB_02532,nrdF,0,0,0,0,0,0,1,0,0,0,0,0,Ara+6_REL10985
ECB_01891,yeeJ,0,0,0,0,0,0,1,0,0,0,0,0,Ara+6_REL10985
ECB_04222,hpaB,0,0,0,0,0,1,0,0,0,0,0,0,Ara+6_REL10985
ECB_00014,dnaK,0,0,0,0,0,1,0,0,0,0,0,0,Ara+6_REL10985
ECB_03597,yieF,0,0,0,0,0,1,0,0,0,0,0,0,Ara+6_REL10985
ECB_00393,ppiD,0,0,0,0,0,0,1,0,0,0,0,0,Ara+6_REL10985
ECB_01899,erfK,0,0,0,0,0,1,0,0,0,0,0,0,Ara+6_REL10985
ECB_01782,pabB,0,0,0,0,0,0,1,0,0,0,0,0,Ara+6_REL10985
ECB_00490,ECB_00490,0,0,0,0,0,1,0,0,0,0,0,0,Ara+6_REL10985
ECB_01223,cls,0,0,0,0,0,1,0,0,0,0,0,0,Ara+6_REL10985
ECB_02670,recC,0,0,0,0,0,0,1,0,0,0,0,0,Ara+6_REL10985
ECB_00494,ybcK,0,0,0,0,0,1,0,0,0,0,0,0,Ara+6_REL10985
ECB_01429,yddK,0,0,0,0,0,0,1,0,0,0,0,0,Ara+6_REL10985
ECB_01558,ynfG,0,0,0,0,0,0,1,0,0,0,0,0,Ara+6_REL10985
ECB_01654,ydiH,0,0,0,0,0,0,1,0,0,0,0,0,Ara+6_REL10985
ECB_02175,yfaY,0,0,0,0,0,1,0,0,0,0,0,0,Ara+6_REL10985
ECB_01025,ycdR,0,0,0,0,0,0,1,0,0,0,0,0,Ara+6_REL10985
ECB_01024,ycdQ,0,0,0,0,0,1,0,0,0,0,0,0,Ara+6_REL10985
ECB_03432,lyxK,1,0,0,0,0,0,0,0,0,0,0,0,Ara-4_REL10944
ECB_01722,ynjA,0,0,0,1,0,0,0,0,0,0,0,0,Ara-4_REL10944
ECB_02054,yehT,0,0,0,0,0,0,0,0,0,0,0,1,Ara-4_REL10944
ECB_01724,ynjC,1,0,0,0,0,0,0,0,0,0,0,0,Ara-4_REL10944
ECB_01534,ECB_01534,0,0,0,0,0,0,0,0,0,0,0,1,Ara-4_REL10944
ECB_00439,ybbJ,0,0,0,0,0,0,0,0,1,0,0,0,Ara-4_REL10944
ECB_01536,ECB_01536,0,0,0,0,0,0,0,0,0,0,0,1,Ara-4_REL10944
ECB_01041,ymdA,0,0,0,0,0,0,0,0,0,0,0,1,Ara-4_REL10944
ECB_01043,ymdC,0,0,0,1,0,0,0,0,0,0,0,0,Ara-4_REL10944
ECB_01976,yegI,0,0,0,0,0,0,0,0,0,0,0,1,Ara-4_REL10944
ECB_02590,ygbN,1,0,0,0,0,0,0,0,0,0,0,0,Ara-4_REL10944
ECB_00431,ushA,0,0,0,0,0,0,0,0,0,0,0,1,Ara-4_REL10944
ECB_03025,yhbU,1,0,0,0,0,0,0,0,0,0,0,0,Ara-4_REL10944
ECB_00928,mukB,0,0,0,0,0,0,0,0,0,0,0,1,Ara-4_REL10944
ECB_02752,ygfI,1,0,0,0,0,0,0,0,0,0,0,0,Ara-4_REL10944
ECB_02195,elaC,0,0,0,1,0,0,0,0,0,0,0,0,Ara-4_REL10944
ECB_02409,yfgB,0,0,0,0,0,0,0,0,0,0,0,1,Ara-4_REL10944
ECB_02899,ygiZ,0,0,0,0,0,0,0,0,0,0,0,1,Ara-4_REL10944
ECB_03611,pstC,0,0,0,0,0,0,0,0,0,0,0,1,Ara-4_REL10944
ECB_02692,yqeF,1,0,0,0,0,0,0,0,0,0,0,0,Ara-4_REL10944
ECB_00924,ycbC,0,0,0,0,0,0,0,0,1,0,0,0,Ara-4_REL10944
ECB_01826,msbB,0,0,0,1,0,0,0,0,0,0,0,0,Ara-4_REL10944
ECB_02609,cysJ,0,0,0,0,0,0,0,0,0,0,0,1,Ara-4_REL10944
ECB_03332,yhhH,0,0,0,0,0,0,0,0,1,0,0,0,Ara-4_REL10944
ECB_02051,yehQ,0,0,0,0,0,0,0,0,1,0,0,0,Ara-4_REL10944
ECB_03589,yidC,0,0,0,0,0,0,0,0,0,0,0,1,Ara-4_REL10944
ECB_03825,metB,0,0,0,0,0,0,0,0,0,0,0,1,Ara-4_REL10944
ECB_04001,yjdL,0,0,0,0,0,0,0,0,1,0,0,0,Ara-4_REL10944
ECB_02595,ygbO,0,0,0,1,0,0,0,0,0,0,0,0,Ara-4_REL10944
ECB_02153,yfaQ,1,0,0,0,0,0,0,0,0,0,0,0,Ara-4_REL10944
ECB_02621,ECB_02621,0,0,0,0,0,0,0,0,0,0,0,1,Ara-4_REL10944
ECB_03823,yiiX,0,0,0,0,0,0,0,0,1,0,0,0,Ara-4_REL10944
ECB_02093,yeiM,0,0,0,1,0,0,0,0,0,0,0,0,Ara-4_REL10944
ECB_00481,sfmC,0,0,0,1,0,0,0,0,0,0,0,0,Ara-4_REL10944
ECB_03461,lldP,0,0,0,0,0,0,0,0,0,0,0,1,Ara-4_REL10944
ECB_00124,hpt,0,0,0,0,0,0,0,0,0,0,0,1,Ara-4_REL10944
ECB_00895,lolA,0,0,0,0,0,0,0,0,0,0,0,1,Ara-4_REL10944
ECB_00894,ftsK,0,0,0,1,0,0,0,0,0,0,0,0,Ara-4_REL10944
ECB_00658,rhsC,0,0,0,0,0,0,0,0,1,0,0,0,Ara-4_REL10944
ECB_00891,cydD,1,0,0,0,0,0,0,0,0,0,0,0,Ara-4_REL10944
ECB_01285,pspE,0,0,0,0,0,0,0,0,0,0,0,1,Ara-4_REL10944
ECB_00893,lrp,0,0,0,1,0,0,0,0,0,0,0,0,Ara-4_REL10944
ECB_00892,trxB,0,0,0,1,0,0,0,0,0,0,0,0,Ara-4_REL10944
ECB_00226,dinB,0,0,0,0,0,0,0,0,1,0,0,0,Ara-4_REL10944
ECB_01837,aspS,0,0,0,0,0,0,0,0,0,0,0,1,Ara-4_REL10944
ECB_02448,yfhK,0,0,0,0,0,0,0,0,1,0,0,0,Ara-4_REL10944
ECB_02449,purL,1,0,0,0,0,0,0,0,0,0,0,0,Ara-4_REL10944
ECB_04124,valS,1,0,0,0,0,0,0,0,0,0,0,0,Ara-4_REL10944
ECB_01732,topB,1,0,0,0,0,0,0,0,0,0,0,0,Ara-4_REL10944
ECB_02119,yejO,0,0,0,0,0,0,0,0,1,0,0,0,Ara-4_REL10944
ECB_02441,yphG,0,0,0,0,0,0,0,0,1,0,0,0,Ara-4_REL10944
ECB_04041,hflK,0,0,0,0,0,0,0,0,1,0,0,0,Ara-4_REL10944
ECB_01804,yebS,1,0,0,0,0,0,0,0,0,0,0,0,Ara-4_REL10944
ECB_02724,recJ,0,0,1,0,0,0,0,0,0,0,0,0,Ara-4_REL10944
ECB_02726,xerD,0,0,0,1,0,0,0,0,0,0,0,0,Ara-4_REL10944
ECB_00931,ycbL,0,0,0,0,0,0,0,0,0,0,0,1,Ara-4_REL10944
ECB_03599,yieH,0,0,0,0,0,0,0,0,1,0,0,0,Ara-4_REL10944
ECB_04158,fecR,0,0,0,0,0,0,0,0,0,0,0,1,Ara-4_REL10944
ECB_02698,ygeR,0,0,0,0,0,0,0,0,0,0,0,1,Ara-4_REL10944
ECB_02909,ygiB,0,0,0,0,0,0,0,0,1,0,0,0,Ara-4_REL10944
ECB_02936,dnaG,0,0,0,0,0,0,0,0,0,0,0,1,Ara-4_REL10944
ECB_02359,aegA,0,0,0,0,0,0,0,0,0,0,0,1,Ara-4_REL10944
ECB_03958,alsC,0,0,0,0,0,0,0,0,1,0,0,0,Ara-4_REL10944
ECB_03749,polA,0,0,0,0,0,0,0,0,0,0,0,1,Ara-4_REL10944
ECB_00136,yadL,0,0,0,0,0,0,0,0,1,0,0,0,Ara-4_REL10944
ECB_01202,narG,0,0,0,1,0,0,0,0,0,0,0,0,Ara-4_REL10944
ECB_02586,ygbJ,1,0,0,0,0,0,0,0,0,0,0,0,Ara-4_REL10944
ECB_01639,ydhU,0,0,0,0,0,0,0,0,0,0,0,1,Ara-4_REL10944
ECB_00331,psiF,0,0,0,0,0,0,0,0,0,0,0,1,Ara-4_REL10944
ECB_01436,adhP,0,0,0,0,0,0,0,0,1,0,0,0,Ara-4_REL10944
ECB_04091,ytfM,0,0,0,0,0,0,0,0,0,0,0,1,Ara-4_REL10944
ECB_00987,ymcA,0,0,0,0,0,0,0,0,0,0,0,1,Ara-4_REL10944
ECB_00589,citA,0,0,0,0,0,0,0,0,0,0,0,1,Ara-4_REL10944
ECB_01698,ydjN,0,0,0,0,0,0,0,0,1,0,0,0,Ara-4_REL10944
ECB_02550,ygaD,0,0,0,0,0,0,0,0,1,0,0,0,Ara-4_REL10944
ECB_00624,ECB_00624,1,0,0,0,0,0,0,0,0,0,0,0,Ara-4_REL10944
ECB_02630,rumA,0,0,0,1,0,0,0,0,0,0,0,0,Ara-4_REL10944
ECB_03648,ilvE,0,0,0,0,0,0,0,0,1,0,0,0,Ara-4_REL10944
ECB_04016,yjeK,0,0,0,0,0,0,0,0,1,0,0,0,Ara-4_REL10944
ECB_02216,yfbR,1,0,0,0,0,0,0,0,0,0,0,0,Ara-4_REL10944
ECB_03240,damX,0,0,0,0,0,0,0,0,1,0,0,0,Ara-4_REL10944
ECB_02218,yfbT,0,0,0,1,0,0,0,0,0,0,0,0,Ara-4_REL10944
ECB_03055,yrbA,0,0,0,0,0,0,0,0,1,0,0,0,Ara-4_REL10944
ECB_02145,rcsC,0,0,0,0,0,0,0,0,0,0,0,1,Ara-4_REL10944
ECB_03063,yrbI,0,0,0,0,0,0,0,0,1,0,0,0,Ara-4_REL10944
ECB_03802,sbp,0,0,0,0,0,0,0,0,0,0,1,0,Ara-4_REL10944
ECB_01667,ydiR,0,0,0,0,0,0,0,0,1,0,0,0,Ara-4_REL10944
ECB_02012,ECB_02012,0,0,0,1,0,0,0,0,0,0,0,0,Ara-4_REL10944
ECB_04257,deoC,0,0,0,0,0,0,0,0,0,0,0,1,Ara-4_REL10944
ECB_01132,ymfB,1,0,0,0,0,0,0,0,0,0,0,0,Ara-4_REL10944
ECB_01994,ECB_01994,0,0,0,0,0,0,0,0,0,0,0,1,Ara-4_REL10944
ECB_01981,yegO,0,0,1,0,0,0,0,0,0,0,0,0,Ara-4_REL10944
ECB_02703,ygeW,0,0,0,0,0,0,0,0,1,0,0,0,Ara-4_REL10944
ECB_02121,ccmH,0,0,0,1,0,0,0,0,0,0,0,0,Ara-4_REL10944
ECB_03956,alsK,0,0,0,0,0,0,0,0,1,0,0,0,Ara-4_REL10944
ECB_03346,yhiQ,0,0,0,1,0,0,0,0,0,0,0,0,Ara-4_REL10944
ECB_01448,yddV,0,0,0,0,0,0,0,0,0,0,0,1,Ara-4_REL10944
ECB_00732,ECB_00732,0,0,0,1,0,0,0,0,0,0,0,0,Ara-4_REL10944
ECB_01110,mfd,0,0,0,0,0,0,0,0,1,0,0,0,Ara-4_REL10944
ECB_02045,molR,0,0,0,1,0,0,0,0,0,0,0,0,Ara-4_REL10944
ECB_03626,mioC,0,0,0,0,0,0,0,0,1,0,0,0,Ara-4_REL10944
ECB_03652,ilvC,0,0,0,0,0,0,0,0,0,1,0,0,Ara-4_REL10944
ECB_03396,yhjW,0,0,0,0,0,0,0,0,1,0,0,0,Ara-4_REL10944
ECB_01918,yeeY,0,0,0,0,0,0,0,0,0,0,0,1,Ara-4_REL10944
ECB_01917,yeeF,1,0,0,0,0,0,0,0,0,0,0,0,Ara-4_REL10944
ECB_01076,flgI,0,0,0,0,0,0,0,0,0,0,0,1,Ara-4_REL10944
ECB_01666,ydiQ,1,0,0,0,0,0,0,0,0,0,0,0,Ara-4_REL10944
ECB_02318,pdxK,1,0,0,0,0,0,0,0,0,0,0,0,Ara-4_REL10944
ECB_01668,ydiS,1,0,0,0,0,0,0,0,1,0,0,0,Ara-4_REL10944
ECB_01173,dhaM,0,0,0,0,0,0,0,0,1,0,0,0,Ara-4_REL10944
ECB_00364,nusB,0,0,0,0,0,0,0,0,0,0,0,1,Ara-4_REL10944
ECB_03309,livJ,0,0,0,0,0,0,0,0,0,0,0,1,Ara-4_REL10944
ECB_01176,dhaR,0,0,0,0,0,0,0,0,0,0,0,1,Ara-4_REL10944
ECB_00859,potF,1,0,0,0,0,0,0,0,0,0,0,0,Ara-4_REL10944
ECB_02547,alaS,0,0,0,0,0,0,0,0,0,1,0,0,Ara-4_REL10944
ECB_01583,ydgA,0,0,0,1,0,0,0,0,0,0,0,0,Ara-4_REL10944
ECB_03381,yhjO,0,0,0,0,0,0,0,0,0,0,0,1,Ara-4_REL10944
ECB_02422,iscS,0,0,0,1,0,0,0,0,0,0,0,0,Ara-4_REL10944
ECB_01589,malI,0,0,0,0,0,0,0,0,1,0,0,0,Ara-4_REL10944
ECB_01858,cheW,0,0,0,0,0,0,0,0,0,0,0,1,Ara-4_REL10944
ECB_04171,sgcX,0,0,0,0,0,0,0,0,1,0,0,0,Ara-4_REL10944
ECB_03073,mtgA,0,0,0,0,0,0,0,0,0,0,0,1,Ara-4_REL10944
ECB_00690,hrsA,0,0,0,0,0,0,0,0,1,0,0,0,Ara-4_REL10944
ECB_02627,chpA,0,0,0,0,0,0,0,0,1,0,0,0,Ara-4_REL10944
ECB_00297,lacY,0,0,0,0,0,0,0,0,0,0,0,1,Ara-4_REL10944
ECB_04146,yis1,0,0,0,0,0,0,0,0,1,0,0,0,Ara-4_REL10944
ECB_03492,mutM,0,0,0,1,0,0,0,0,0,0,0,0,Ara-4_REL10944
ECB_03818,ftsN,1,0,0,0,0,0,0,0,0,0,0,0,Ara-4_REL10944
ECB_03254,yhgE,1,0,0,0,0,0,0,0,0,0,0,0,Ara-4_REL10944
ECB_02814,ECB_02814,0,0,0,0,0,0,0,0,1,0,0,0,Ara-4_REL10944
ECB_00051,kefC,0,0,0,1,0,0,0,0,0,0,0,0,Ara-4_REL10944
ECB_02390,upp,0,0,0,1,0,0,0,0,0,0,0,0,Ara-4_REL10944
ECB_01616,sodC,0,0,0,0,0,0,0,0,0,0,0,1,Ara-4_REL10944
ECB_00218,yafJ,0,0,0,0,0,0,0,0,1,0,0,0,Ara-4_REL10944
ECB_00055,ksgA,1,0,0,0,0,0,0,0,0,0,0,0,Ara-4_REL10944
ECB_01109,ycfS,0,0,0,0,0,0,0,0,0,0,0,1,Ara-4_REL10944
ECB_03940,yjcH,1,0,0,0,0,0,0,0,0,0,0,0,Ara-4_REL10944
ECB_00056,pdxA,0,0,0,0,0,0,0,0,1,0,0,0,Ara-4_REL10944
ECB_01105,ndh,0,0,0,0,0,0,0,0,0,0,0,1,Ara-4_REL10944
ECB_03896,lysC,0,0,0,0,0,0,0,0,1,0,0,0,Ara-4_REL10944
ECB_01349,ydbK,0,0,0,0,0,0,0,0,0,0,0,1,Ara-4_REL10944
ECB_00217,lpcA,0,0,0,0,0,0,0,0,0,0,0,1,Ara-4_REL10944
ECB_02221,ackA,1,0,0,0,0,0,0,0,0,0,0,0,Ara-4_REL10944
ECB_00214,yafV,1,0,0,0,0,0,0,0,0,0,0,0,Ara-4_REL10944
ECB_01005,agp,1,0,0,0,0,0,0,0,0,0,0,0,Ara-4_REL10944
ECB_00371,thiI,0,0,0,0,0,0,0,0,0,0,0,1,Ara-4_REL10944
ECB_02248,fabB,0,0,0,0,0,0,0,0,0,0,0,1,Ara-4_REL10944
ECB_03585,dnaA,0,0,0,0,0,0,0,0,0,0,0,1,Ara-4_REL10944
ECB_02156,yfaA,0,0,0,0,0,0,0,0,0,0,0,1,Ara-4_REL10944
ECB_02360,narQ,0,0,0,0,0,0,0,0,1,0,0,0,Ara-4_REL10944
ECB_00271,yahA,0,0,0,1,0,0,0,0,0,0,0,0,Ara-4_REL10944
ECB_03576,dgoA,0,0,0,0,0,0,0,0,1,0,0,0,Ara-4_REL10944
ECB_03261,feoB,1,0,0,0,0,0,0,0,0,0,0,0,Ara-4_REL10944
ECB_02182,yfbH,0,0,0,0,0,0,0,0,1,0,0,0,Ara-4_REL10944
ECB_03890,iclR,0,0,0,0,0,0,0,0,1,0,0,0,Ara-4_REL10944
ECB_02247,yfcJ,0,1,0,0,0,0,0,0,0,0,0,0,Ara-4_REL10944
ECB_02244,usg,0,0,0,1,0,0,0,0,0,0,0,0,Ara-4_REL10944
ECB_01165,alr,0,0,0,0,0,0,0,0,0,0,0,1,Ara-4_REL10944
ECB_01866,otsB,1,0,0,0,0,0,0,0,0,0,0,0,Ara-4_REL10944
ECB_00966,helD,0,0,0,1,0,0,0,0,0,0,0,0,Ara-4_REL10944
ECB_00685,sucA,0,0,0,1,0,0,0,0,0,0,0,0,Ara-4_REL10944
ECB_01861,motA,0,0,0,0,0,0,0,0,0,0,0,1,Ara-4_REL10944
ECB_02418,hscA,0,0,0,1,0,0,0,0,0,0,0,1,Ara-4_REL10944
ECB_03308,yhhK,0,0,0,0,0,0,0,0,0,0,0,1,Ara-4_REL10944
ECB_01742,ydjI,0,0,0,0,0,0,0,0,0,0,0,1,Ara-4_REL10944
ECB_01986,yegQ,1,0,0,0,0,0,0,0,0,0,0,0,Ara-4_REL10944
ECB_00841,ECB_00841,1,0,0,0,0,0,0,0,0,0,0,0,Ara-4_REL10944
ECB_01980,yegN,1,0,0,0,0,0,0,0,0,0,0,0,Ara-4_REL10944
ECB_00968,yccT,1,0,0,0,0,0,0,0,0,0,0,0,Ara-4_REL10944
ECB_01868,araG,0,0,0,1,0,0,0,0,0,0,0,0,Ara-4_REL10944
ECB_04152,ECB_04152,0,0,0,1,0,0,0,0,0,0,0,0,Ara-4_REL10944
ECB_03215,yhfC,0,0,0,0,0,0,0,0,1,0,0,0,Ara-4_REL10944
ECB_01279,goaG,0,0,0,0,0,0,0,0,0,0,0,1,Ara-4_REL10944
ECB_00165,glnD,0,0,0,0,0,0,0,0,0,0,0,1,Ara-4_REL10944
ECB_02393,ppk,0,0,0,0,0,0,0,0,1,0,0,0,Ara-4_REL10944
ECB_02801,yeeR,0,0,0,0,0,0,0,0,0,0,0,1,Ara-4_REL10944
ECB_03094,degQ,0,0,0,0,0,0,0,0,1,0,0,0,Ara-4_REL10944
ECB_00043,caiA,0,0,0,1,0,0,0,0,0,0,0,0,Ara-4_REL10944
ECB_03710,ECB_03710,1,0,0,0,0,0,0,0,0,0,0,0,Ara-4_REL10944
ECB_03865,htrC,0,0,0,1,0,0,0,0,0,0,0,0,Ara-4_REL10944
ECB_03864,rpoC,0,0,0,0,0,0,0,0,1,0,0,0,Ara-4_REL10944
ECB_00708,gpmA,0,0,0,0,0,0,0,0,1,0,0,0,Ara-4_REL10944
ECB_00991,cspH,0,0,0,1,0,0,0,0,0,0,0,0,Ara-4_REL10944
ECB_00206,yafS,0,0,0,0,0,0,0,0,0,0,0,1,Ara-4_REL10944
ECB_01958,wcaG,0,0,0,0,0,0,0,0,0,0,0,1,Ara-4_REL10944
ECB_04058,yjfQ,0,0,0,0,0,0,0,0,1,0,0,0,Ara-4_REL10944
ECB_02625,pyrG,0,0,0,0,0,0,0,0,0,0,0,1,Ara-4_REL10944
ECB_00751,moaD,0,0,0,0,0,0,0,0,0,0,0,1,Ara-4_REL10944
ECB_01017,putA,0,0,0,1,0,0,0,0,0,0,0,0,Ara-4_REL10944
ECB_00307,mhpT,0,0,0,0,0,0,0,0,0,0,0,1,Ara-4_REL10944
ECB_02088,nfo,1,0,0,0,0,0,0,0,0,0,0,0,Ara-4_REL10944
ECB_01393,ydcP,0,0,0,0,0,0,0,0,1,0,0,1,Ara-4_REL10944
ECB_01640,ydhX,0,0,0,0,0,0,0,0,0,0,0,1,Ara-4_REL10944
ECB_02084,cirA,0,0,0,1,0,0,0,0,0,0,0,0,Ara-4_REL10944
ECB_04262,lplA,0,0,0,0,0,0,0,0,1,0,0,0,Ara-4_REL10944
ECB_03507,spoT,0,0,0,0,0,0,0,0,1,0,0,0,Ara-4_REL10944
ECB_02087,yeiH,0,0,0,1,0,0,0,0,0,0,0,0,Ara-4_REL10944
ECB_02567,hycI,0,0,0,1,0,0,0,0,0,0,0,0,Ara-4_REL10944
ECB_01018,putP,0,0,0,0,0,0,0,0,0,0,0,1,Ara-4_REL10944
ECB_00976,hyaB,0,0,0,1,0,0,0,0,0,0,0,0,Ara-4_REL10944
ECB_01970,asmA,0,0,0,1,0,0,0,0,0,0,0,0,Ara-4_REL10944
ECB_01973,yegE,1,0,0,0,0,0,0,0,0,0,0,0,Ara-4_REL10944
ECB_00975,hyaA,0,0,0,0,0,0,0,0,0,0,0,1,Ara-4_REL10944
ECB_03393,dppC,0,0,0,0,0,0,0,0,0,0,0,1,Ara-4_REL10944
ECB_00945,ycbT,0,0,0,0,0,0,0,0,1,0,0,0,Ara-4_REL10944
ECB_03691,yigE,1,0,0,0,0,0,0,0,0,0,0,0,Ara-4_REL10944
ECB_00878,hcp,0,0,0,0,0,0,0,0,0,0,0,1,Ara-4_REL10944
ECB_02761,yggF,0,0,0,1,0,0,0,0,0,0,0,0,Ara-4_REL10944
ECB_00876,poxB,0,0,0,0,0,0,0,0,0,0,0,1,Ara-4_REL10944
ECB_01802,proQ,0,0,0,0,0,0,0,0,0,0,0,1,Ara-4_REL10944
ECB_03076,yhcC,0,0,0,1,0,0,0,0,0,0,0,0,Ara-4_REL10944
ECB_03719,ECB_03719,1,0,0,0,0,0,0,0,0,0,0,1,Ara-4_REL10944
ECB_01486,marC,0,0,0,0,0,0,0,0,0,0,0,1,Ara-4_REL10944
ECB_03685,dapF,0,0,0,0,0,0,0,0,0,0,0,1,Ara-4_REL10944
ECB_03969,phnK,1,0,0,0,0,0,0,0,0,0,0,0,Ara-4_REL10944
ECB_02199,ECB_02199,1,0,0,0,0,0,0,0,0,0,0,1,Ara-4_REL10944
ECB_01087,fabH,1,0,0,0,0,0,0,0,0,0,0,0,Ara-4_REL10944
ECB_03404,yiaF,0,0,0,0,0,0,0,0,1,0,0,0,Ara-4_REL10944
ECB_01306,ycjZ,0,0,0,1,0,0,0,0,0,0,0,0,Ara-4_REL10944
ECB_01499,ydfH,0,0,0,0,0,0,0,0,1,0,0,0,Ara-4_REL10944
ECB_01623,lhr,0,0,0,0,0,0,0,0,1,0,0,1,Ara-4_REL10944
ECB_02015,yegS,0,0,0,0,0,0,0,0,1,0,0,0,Ara-4_REL10944
ECB_03147,rpsD,0,0,0,0,0,0,0,0,0,0,0,1,Ara-4_REL10944
ECB_01774,rnd,0,0,0,0,0,0,0,0,0,0,0,1,Ara-4_REL10944
ECB_03143,zntR,0,0,0,1,0,0,0,0,0,0,0,0,Ara-4_REL10944
ECB_00079,ilvI,0,0,0,1,0,0,0,0,0,0,0,0,Ara-4_REL10944
ECB_00420,apt,0,0,0,0,0,0,0,0,0,0,0,1,Ara-4_REL10944
ECB_02265,yfcX,0,0,0,1,0,0,0,0,0,0,0,0,Ara-4_REL10944
ECB_03513,yicH,1,0,0,0,0,0,0,0,0,0,0,0,Ara-4_REL10944
ECB_00256,eaeH,0,0,0,1,0,0,0,0,1,0,0,0,Ara-4_REL10944
ECB_00413,acrB,0,0,0,0,0,0,0,0,1,0,0,0,Ara-4_REL10944
ECB_04030,psd,0,0,0,1,0,0,0,0,0,0,0,0,Ara-4_REL10944
ECB_00947,ycbV,0,0,0,0,0,0,0,0,0,0,0,1,Ara-4_REL10944
ECB_00251,yagY,0,0,0,0,0,0,0,0,0,0,1,0,Ara-4_REL10944
ECB_00416,kefA,0,0,0,2,0,0,0,0,0,0,0,0,Ara-4_REL10944
ECB_03209,yhfK,1,0,0,0,0,0,0,0,0,0,0,0,Ara-4_REL10944
ECB_03208,crp,0,0,0,0,0,0,0,0,1,0,0,0,Ara-4_REL10944
ECB_00863,ybjO,0,0,0,0,0,0,0,0,0,0,0,1,Ara-4_REL10944
ECB_02735,gcvP,0,0,0,0,0,0,0,0,0,0,0,1,Ara-4_REL10944
ECB_02984,tdcB,0,0,0,1,0,0,0,0,0,0,0,0,Ara-4_REL10944
ECB_02773,galP,0,0,0,0,0,0,0,0,1,0,0,0,Ara-4_REL10944
ECB_02478,yfiQ,1,0,0,0,0,0,0,0,0,0,0,0,Ara-4_REL10944
ECB_03132,aroE,0,0,0,1,0,0,0,0,0,0,0,0,Ara-4_REL10944
ECB_00143,yadB,1,0,0,0,0,0,0,0,0,0,0,0,Ara-4_REL10944
ECB_00069,thiP,0,0,0,0,0,0,0,0,0,0,0,1,Ara-4_REL10944
ECB_01256,yciS,0,0,0,0,0,0,0,0,0,0,0,1,Ara-4_REL10944
ECB_00388,clpP,0,0,0,1,0,0,0,0,0,0,0,0,Ara-4_REL10944
ECB_01098,fhuE,0,0,0,0,0,0,0,0,1,0,0,0,Ara-4_REL10944
ECB_03936,yjcD,0,0,0,1,0,0,0,0,0,0,0,0,Ara-4_REL10944
ECB_01097,ptsG,1,0,0,0,0,0,0,0,0,0,0,0,Ara-4_REL10944
ECB_00149,fhuA,0,0,0,1,0,0,0,0,1,0,0,0,Ara-4_REL10944
ECB_01313,abgT,0,0,0,1,0,0,0,0,0,0,0,0,Ara-4_REL10944
ECB_03204,yheT,1,0,0,0,0,0,0,0,0,0,0,0,Ara-4_REL10944
ECB_00775,ybiO,1,0,0,0,0,0,0,0,0,0,0,0,Ara-4_REL10944
ECB_00468,fdrA,0,0,0,1,0,0,0,0,0,0,0,0,Ara-4_REL10944
ECB_00772,ybiL,0,0,0,0,0,0,0,0,1,0,0,0,Ara-4_REL10944
ECB_03913,plsB,0,0,0,0,0,0,0,0,1,0,0,0,Ara-4_REL10944
ECB_03178,gspF,1,0,0,0,0,0,0,0,0,0,0,0,Ara-4_REL10944
ECB_02632,gudD,0,0,0,0,0,0,0,0,0,0,0,1,Ara-4_REL10944
ECB_03675,aslB,0,0,0,0,0,0,0,0,0,1,0,0,Ara-4_REL10944
ECB_00087,murF,0,0,0,0,0,0,0,0,0,0,0,1,Ara-4_REL10944
ECB_00710,galK,0,0,0,0,0,0,0,0,1,0,0,0,Ara-4_REL10944
ECB_00243,yagR,1,0,0,0,0,0,0,0,0,0,0,0,Ara-4_REL10944
ECB_00082,yabB,0,0,0,0,0,0,0,0,1,0,0,1,Ara-4_REL10944
ECB_03500,rph,0,0,0,0,0,0,0,0,1,0,0,0,Ara-4_REL10944
ECB_00142,pcnB,1,0,0,0,0,0,0,0,0,0,0,0,Ara-4_REL10944
ECB_00249,yagW,0,0,0,0,0,0,0,0,0,0,0,1,Ara-4_REL10944
ECB_00400,mdlA,0,0,0,0,0,0,0,0,0,0,0,1,Ara-4_REL10944
ECB_02133,napA,0,0,0,0,0,0,0,0,0,0,0,2,Ara-4_REL10944
ECB_01138,ycgF,0,0,0,0,0,0,0,0,0,0,0,1,Ara-4_REL10944
ECB_03376,dctA,0,0,0,0,0,0,0,0,0,0,0,1,Ara-4_REL10944
ECB_03054,murA,0,0,0,0,0,0,0,0,0,0,0,1,Ara-4_REL10944
ECB_02169,glpC,1,0,0,0,0,0,0,0,0,0,0,0,Ara-4_REL10944
ECB_02183,arnT,1,0,0,0,0,0,0,0,0,0,0,0,Ara-4_REL10944
ECB_00058,imp,0,0,0,0,0,0,0,0,2,0,0,0,Ara-4_REL10944
ECB_04103,pmbA,0,0,0,1,0,0,0,0,0,0,0,1,Ara-4_REL10944
ECB_02744,serA,0,0,0,0,0,0,0,0,0,0,0,1,Ara-4_REL10944
ECB_00794,moeA,1,0,0,0,0,0,0,0,0,0,0,0,Ara-4_REL10944
ECB_01318,ydaM,0,0,0,1,0,0,0,0,0,0,0,0,Ara-4_REL10944
ECB_03982,proP,0,0,0,0,0,0,0,0,0,0,0,1,Ara-4_REL10944
ECB_03375,yhjJ,0,0,0,0,0,0,0,0,1,0,0,0,Ara-4_REL10944
ECB_02173,yfaW,0,0,0,0,0,0,0,0,0,0,0,1,Ara-4_REL10944
ECB_01407,yncC,0,0,0,1,0,0,0,0,0,0,0,0,Ara-4_REL10944
ECB_03653,ppiC,1,0,0,0,0,0,0,0,0,0,0,0,Ara-4_REL10944
ECB_01891,yeeJ,1,0,0,0,0,0,0,0,0,0,0,0,Ara-4_REL10944
ECB_00015,dnaJ,0,0,0,0,0,0,0,0,0,0,0,1,Ara-4_REL10944
ECB_00014,dnaK,0,0,0,1,0,0,0,0,0,0,0,0,Ara-4_REL10944
ECB_04131,idnT,0,0,0,0,0,0,0,0,0,0,0,1,Ara-4_REL10944
ECB_00393,ppiD,0,0,0,0,0,0,0,0,0,0,0,1,Ara-4_REL10944
ECB_01220,oppD,0,0,0,1,0,0,0,0,0,0,0,0,Ara-4_REL10944
ECB_03100,yhcP,0,0,0,1,0,0,0,0,0,0,0,0,Ara-4_REL10944
ECB_03035,infB,0,0,0,1,0,0,0,0,0,0,0,0,Ara-4_REL10944
ECB_01226,tonB,0,0,0,1,0,0,0,0,0,0,0,0,Ara-4_REL10944
ECB_02172,yfaV,0,0,0,1,0,0,0,0,0,0,0,0,Ara-4_REL10944
ECB_01020,ycdO,0,0,0,0,0,0,0,0,1,0,0,0,Ara-4_REL10944
ECB_03128,yhdY,1,0,0,0,0,0,0,0,0,0,0,0,Ara-4_REL10944
ECB_03583,recF,0,0,0,1,0,0,0,0,0,0,0,0,Ara-4_REL10944
ECB_02603,iap,0,0,0,0,0,1,0,0,0,0,0,0,Ara+4_REL10956
ECB_02854,ECB_02854,1,0,0,0,0,0,0,0,0,0,0,0,Ara+4_REL10956
ECB_00448,rhsD,0,0,1,0,0,0,0,0,0,0,0,0,Ara+4_REL10956
ECB_00382,cyoB,0,0,0,0,0,0,1,0,0,0,0,0,Ara+4_REL10956
ECB_01979,yegM,0,0,0,0,0,0,0,0,0,0,1,0,Ara-6_REL11005
ECB_03275,glpG,0,0,0,0,0,0,0,1,0,0,0,0,Ara-6_REL11005
ECB_01982,yegB,1,0,0,0,0,0,0,0,0,0,0,0,Ara-6_REL11005
ECB_01007,wrbA,1,0,0,0,0,0,0,0,0,0,0,0,Ara+2_REL10950
ECB_03645,ilvL,0,0,0,0,0,0,0,0,0,2,0,0,Ara+2_REL10950
ECB_00448,rhsD,0,0,1,0,0,0,0,0,0,0,0,0,Ara+2_REL10950
